Total Business Value,Emp_ID,Age,Gender,City,Education_Level,Salary,Joining Designation,Designation,Quarterly Rating,Target
1715580,1,28,1,15,2,57387,1,1,2,1
0,2,31,1,26,2,67016,2,2,1,0
350000,4,43,1,4,2,65603,2,2,1,1
120360,5,29,1,28,1,46368,1,1,1,1
1265000,6,31,0,2,0,78728,3,3,2,0
0,8,34,1,11,1,70656,3,3,1,1
0,11,28,0,10,2,42172,1,1,1,0
2607180,12,35,1,15,2,28116,1,1,1,1
10213040,13,31,1,10,2,119227,1,4,1,1
0,14,39,0,18,1,19734,3,3,1,0
346800,16,30,0,15,1,52963,2,2,1,1
1017640,17,43,1,12,2,51099,1,1,1,1
0,18,27,0,8,0,31631,1,1,1,1
0,20,26,0,10,1,40342,3,3,1,1
6962550,21,34,0,21,0,22755,1,1,1,1
7539490,22,41,1,1,2,31224,1,1,1,1
4101720,24,31,1,16,2,76308,1,2,2,1
36351110,25,31,1,16,0,102077,1,3,4,0
69867900,26,43,1,5,2,132577,1,4,2,0
1273170,29,30,1,4,2,30312,1,1,1,1
0,30,31,1,25,0,69457,3,3,1,1
950940,31,32,0,20,2,65189,3,3,2,0
476010,34,28,0,5,0,65813,2,2,1,1
300000,35,32,1,24,0,68070,3,3,1,1
4277730,36,41,0,9,0,32865,2,2,2,1
650020,37,33,0,5,0,57375,2,2,1,1
0,38,22,1,19,1,13427,1,1,1,1
2422230,39,32,1,18,1,72888,2,2,2,0
0,40,32,1,6,1,59182,2,2,1,1
21755910,41,35,1,21,2,92372,4,4,2,0
994690,42,44,0,20,1,45988,2,2,1,1
359890,43,27,0,6,1,12906,1,1,1,1
150110,44,28,1,8,2,62100,1,1,1,1
5227340,45,35,1,27,2,77544,3,3,3,0
338290,46,36,0,17,2,42171,1,1,1,1
866270,47,30,1,13,0,28000,1,1,2,0
1798800,49,22,1,12,1,53039,1,2,1,1
110310,50,49,0,24,1,89367,3,3,1,1
3190010,51,34,1,5,1,131347,4,4,2,1
1852590,52,37,1,10,1,48687,3,3,2,0
33823290,54,35,1,21,0,127826,4,5,1,0
0,55,30,0,27,1,29985,1,1,1,1
11723470,56,36,0,10,2,80223,1,1,4,0
22791310,57,38,0,0,0,84318,1,2,1,1
0,58,41,1,23,1,57987,2,2,1,1
134660,59,35,0,9,0,31644,1,1,1,1
49225520,60,48,0,12,1,89592,1,4,2,0
-439300,61,32,1,2,2,19818,1,1,1,1
0,62,27,1,28,2,62376,1,1,1,0
12293120,63,28,1,25,1,93931,1,3,2,0
193940,64,33,1,19,2,66502,2,2,1,1
11718580,65,30,0,26,0,69539,2,2,2,1
0,66,27,0,23,2,104286,3,3,1,0
12543500,67,41,1,20,2,65982,1,2,3,0
27309820,68,32,1,21,1,79288,1,3,3,0
4640080,69,32,0,26,0,64604,2,2,1,1
0,70,35,1,12,0,19235,1,1,1,1
188780,71,43,1,12,2,54103,3,3,1,1
193580,72,28,1,5,2,42242,2,2,1,0
592270,74,35,0,24,2,59216,2,2,1,1
2365930,75,25,0,9,2,39884,2,2,2,1
17959920,77,34,1,22,2,63918,1,2,3,0
43531510,78,37,1,13,1,105946,2,4,2,0
0,79,32,1,5,0,114648,4,4,1,1
153300,80,29,0,26,1,56687,2,2,1,0
3133680,81,39,1,28,2,77177,1,2,1,1
0,82,37,0,16,0,89013,3,3,1,1
750000,83,34,1,15,2,115159,3,3,1,1
8688020,84,42,1,7,1,25950,1,1,2,1
0,85,25,1,14,2,49509,1,1,1,0
0,86,35,1,11,2,49510,1,1,1,1
36029220,87,37,1,25,0,119341,3,3,4,0
3248870,88,45,0,22,1,62298,2,2,1,1
6131430,89,28,1,11,0,58977,2,2,1,1
543640,90,33,1,14,1,29408,2,2,1,1
200000,91,31,1,13,1,22731,2,2,1,1
1220120,93,30,1,8,2,39527,2,2,2,1
0,95,29,0,5,2,60874,3,3,1,1
0,96,35,1,3,2,64953,3,3,1,1
350000,97,40,0,11,2,80771,3,3,1,0
21415440,98,25,1,7,1,63774,2,3,2,1
0,99,30,1,15,1,38068,2,2,1,1
1759840,101,33,1,1,1,38945,1,1,1,1
0,102,22,0,3,1,42270,1,1,1,1
544380,103,26,0,20,0,68913,2,2,1,1
1252320,104,30,0,15,0,60332,2,2,2,0
0,105,38,1,23,1,67931,1,1,1,1
4504880,106,34,0,14,1,57671,1,3,2,1
4545450,107,35,1,28,2,102142,3,3,1,1
864350,108,38,1,14,2,121259,3,3,1,1
1927920,109,36,0,25,1,33927,1,1,2,0
251810,110,32,0,7,0,32663,1,1,1,1
2167840,111,52,1,4,0,73769,2,3,1,1
13121470,112,46,1,21,0,50466,1,1,3,0
670440,113,42,0,1,1,47160,1,1,1,1
0,114,32,0,10,1,89456,3,3,1,0
12674940,115,46,1,0,0,31752,1,3,2,0
1116990,116,22,1,2,1,16477,1,1,1,1
40152720,117,47,0,0,0,144978,1,5,2,0
150700,118,42,0,19,1,67904,3,3,1,1
557720,119,32,0,21,0,71000,3,3,1,1
0,120,27,1,5,2,114258,3,3,1,1
0,121,33,0,4,2,58885,3,3,1,1
605760,122,27,1,18,1,57406,2,2,2,0
2184160,123,44,1,16,0,41401,1,1,1,1
1221780,125,33,0,1,2,30847,1,1,1,1
-70000,127,33,1,20,0,84085,3,3,1,1
436190,129,38,0,25,0,60708,2,2,1,0
2928710,130,38,1,20,0,39990,2,2,1,1
2620360,131,38,0,10,0,79086,2,3,1,1
0,132,27,1,12,2,43165,2,2,1,1
873110,133,44,0,15,2,46858,1,1,1,1
190550,134,32,1,19,1,76904,3,3,1,0
1517680,135,28,1,14,1,98877,3,3,2,0
0,136,37,0,1,1,47009,1,1,1,1
6570070,137,42,1,20,1,33459,2,2,4,0
0,138,48,1,13,2,34827,1,1,1,1
0,139,32,1,5,0,51850,2,2,1,1
13939940,140,38,1,28,0,72253,1,2,3,0
0,141,35,1,14,0,65901,2,2,1,1
122040,142,24,1,7,0,29807,1,1,1,1
340560,143,40,1,3,2,24150,1,1,1,1
0,144,27,1,20,2,21933,1,1,1,1
1847280,145,35,1,4,0,75112,3,3,3,1
0,147,36,1,28,0,85172,2,2,1,1
0,148,41,1,6,1,45288,2,2,1,0
0,149,34,0,12,1,61913,3,3,1,1
24273480,150,39,1,8,1,29013,1,3,3,0
950170,151,30,1,6,1,89602,4,4,1,1
1419720,152,31,1,8,1,31547,1,2,2,1
1472800,153,38,0,14,0,148588,5,5,1,1
0,154,30,1,13,0,47211,1,1,1,1
1602380,155,27,1,18,0,118363,2,3,2,1
0,156,41,0,28,0,41046,1,1,1,1
0,158,26,1,14,0,45832,1,1,1,1
6278140,159,44,0,23,0,30121,1,1,1,1
0,161,38,1,17,2,35793,1,1,1,1
0,162,36,1,11,0,100064,3,3,1,1
0,163,29,1,25,1,25731,1,1,1,1
10395250,164,37,0,18,1,106171,1,4,1,1
0,165,25,0,13,2,76307,2,2,1,1
1154620,167,26,1,9,0,35283,1,1,1,1
12087570,168,26,1,6,2,33057,2,2,3,0
5239360,169,34,1,5,2,38409,2,2,1,1
1987680,170,35,1,26,2,91458,3,3,1,1
3466180,171,44,0,15,0,56242,2,2,1,1
5365850,172,41,0,25,2,101395,2,3,1,1
19866290,173,39,1,20,1,56174,1,3,3,0
2970500,174,39,0,13,0,22065,1,1,1,1
19580,175,31,1,4,1,27889,1,1,1,1
0,176,34,1,6,1,21276,1,1,1,1
600000,177,31,1,23,0,43053,1,1,1,1
550000,178,23,0,26,1,36637,2,2,1,1
1616780,179,26,0,2,2,24490,1,1,1,1
0,180,34,1,21,0,95694,2,4,1,1
0,181,30,0,8,2,26926,3,3,1,0
866320,182,32,1,14,2,25832,1,1,1,1
903800,183,26,0,15,2,43263,1,1,1,1
903160,184,34,0,13,2,62199,2,2,1,1
2416570,185,29,1,0,1,82120,1,3,1,1
151600,187,34,1,18,0,20922,2,2,1,1
2516690,188,34,1,3,1,36483,2,2,1,0
121980,190,36,0,0,1,108051,4,4,1,1
10666090,191,27,0,2,2,63380,3,3,3,0
2412240,192,37,0,28,0,66952,3,3,1,0
9983020,193,47,1,18,2,59084,1,2,1,1
2000000,194,30,1,27,1,54074,2,2,1,1
0,195,27,1,9,1,19419,1,1,1,1
1150720,196,44,1,5,0,75001,3,3,2,1
1985150,197,41,1,17,0,94594,2,3,1,1
31533700,199,30,1,5,1,87902,1,3,4,0
0,200,46,1,27,0,66707,3,3,1,1
0,201,38,0,24,1,42260,3,3,1,1
593300,202,33,1,20,1,28921,1,1,2,0
2816440,203,34,0,23,2,84713,3,3,1,1
337230,204,31,0,5,1,68151,1,2,1,1
0,205,39,1,3,1,15826,1,1,1,0
0,206,26,0,1,1,12968,1,1,1,0
3209720,207,32,1,21,1,61894,3,3,1,1
376780,208,31,1,7,2,31657,1,1,1,1
802540,210,38,1,21,2,64583,3,3,1,0
0,211,34,0,25,2,81730,3,3,1,1
12182590,213,37,1,16,1,59947,2,2,1,0
1742410,215,26,0,6,0,17307,1,1,1,1
7020890,216,30,1,12,0,86340,2,2,1,1
5854230,217,32,1,1,0,27328,1,2,1,1
734620,218,25,1,13,1,27979,1,1,2,0
2805350,219,36,1,24,1,51657,2,2,1,1
2784450,220,38,0,9,0,107539,2,3,1,1
0,221,31,1,22,1,13051,1,1,1,1
0,222,26,1,11,1,92753,3,3,1,1
1559910,223,25,1,12,1,59108,2,2,1,1
2242270,225,32,0,5,1,44792,3,3,3,0
1172300,226,36,0,9,0,55528,2,2,1,1
7237950,227,45,0,21,2,61912,3,3,1,1
10390120,228,45,1,25,2,53385,1,1,1,1
11947410,229,43,1,20,1,104995,4,4,2,1
5824480,230,34,1,17,1,44359,2,2,1,1
0,231,32,1,24,0,21354,1,1,1,1
0,232,34,1,6,2,23185,1,1,1,1
500000,233,36,0,19,0,139139,3,3,1,0
2800740,234,27,0,15,0,52616,2,2,2,0
0,235,39,0,7,1,37873,1,1,1,1
181070,237,33,1,1,1,75626,3,3,1,0
495310,238,32,1,12,1,40168,2,2,1,1
0,241,24,1,0,1,33901,1,1,1,1
0,242,28,1,13,1,11236,1,1,1,1
483150,243,26,1,23,2,60228,3,3,1,0
3095340,244,40,1,12,2,37346,1,2,1,1
0,245,38,1,15,2,77903,2,2,1,1
2278190,246,42,1,1,0,64128,1,2,1,1
619900,247,39,0,23,1,27294,2,2,1,1
28348090,252,37,1,16,2,81700,1,3,4,0
0,256,21,1,1,1,25172,1,1,1,1
150230,257,30,1,21,0,31655,3,3,1,1
2658050,258,29,1,4,1,25459,1,1,2,0
0,260,29,1,16,0,47864,1,1,1,1
7912770,261,42,0,12,2,90988,3,3,1,1
1200020,262,28,0,11,0,24862,2,2,1,1
289500,263,24,1,25,1,19170,1,1,1,0
0,264,25,1,2,2,49439,1,1,1,1
1706780,265,34,1,22,0,40381,1,1,2,0
2558650,266,43,1,7,0,40102,1,2,1,1
3643890,267,36,1,24,1,89200,3,3,2,1
4024340,268,31,0,25,0,54352,1,1,1,1
260000,270,36,1,2,0,76336,3,3,1,1
19169110,271,38,1,21,2,134529,4,4,3,0
8992830,272,37,1,24,0,64901,2,2,3,0
461970,273,29,1,7,0,40259,1,1,1,0
0,274,39,1,26,0,53224,2,2,1,0
33697790,275,41,1,12,1,97226,1,4,3,0
965680,276,30,0,15,0,107495,3,3,2,0
529010,278,34,1,11,1,52191,1,1,1,1
2736130,279,29,0,11,1,41800,1,1,1,1
6751230,280,34,0,25,2,108013,4,4,1,1
246810,281,43,0,12,0,78607,3,3,1,0
0,282,29,0,13,1,57339,2,2,1,1
0,283,27,0,21,2,57420,2,2,1,0
0,284,34,1,12,2,42189,2,2,1,1
150400,286,30,0,16,0,70781,2,2,1,1
0,287,30,0,26,1,13605,1,1,1,1
0,288,41,0,8,1,62901,2,2,1,0
0,289,29,1,22,1,51110,2,2,1,0
0,290,25,0,24,0,66842,1,1,1,1
1273240,291,27,0,12,2,49695,2,2,1,1
0,292,33,0,21,2,81858,3,3,1,1
373410,293,28,0,2,0,45981,1,1,1,1
153360,294,36,1,13,1,13793,1,1,1,0
225690,295,29,0,27,1,35983,2,2,1,1
29901450,296,32,0,12,0,65094,1,2,4,0
0,297,38,1,27,2,109473,3,3,1,0
1501770,298,39,1,12,1,70753,3,3,1,1
0,299,36,0,20,1,25851,1,1,1,1
0,303,42,1,20,0,78645,1,2,1,1
0,305,24,1,28,1,20176,1,1,1,1
0,306,31,0,23,1,53025,2,2,1,0
56839380,307,39,1,18,1,88207,2,4,1,1
58024490,308,32,1,24,2,188418,2,5,2,0
0,309,30,0,24,0,77597,3,3,1,0
0,310,27,0,22,2,58439,1,1,1,0
0,312,34,1,7,1,26047,2,2,1,1
150050,313,31,0,6,1,96603,3,3,1,1
0,315,29,0,28,2,50281,3,3,1,1
250000,316,47,1,3,2,42592,1,1,1,1
5195840,317,35,1,24,0,59936,2,2,1,1
0,318,33,0,22,0,37890,1,1,1,1
0,319,30,1,19,2,51819,3,3,1,1
30153680,320,28,0,12,1,63126,1,2,4,0
242500,321,27,0,17,0,29869,1,1,1,1
400000,322,41,0,25,1,57245,2,2,1,1
3159800,323,30,0,21,2,64558,2,2,2,0
4600000,324,31,1,18,0,69160,3,3,3,0
109020,325,26,1,6,2,50739,1,1,1,1
194000,326,24,1,20,2,69454,2,2,1,1
841620,327,38,1,22,0,26658,1,1,1,1
200000,328,35,0,20,0,54816,3,3,1,1
14717150,329,44,0,2,0,133752,1,3,2,0
0,330,39,0,6,0,35694,1,1,1,1
0,331,35,1,17,2,71154,3,3,1,0
134360,332,29,1,16,2,51152,1,1,1,1
1296960,333,44,0,25,0,45796,1,1,1,1
323290,334,29,0,28,1,58812,2,2,1,1
0,335,41,0,2,2,94685,3,3,1,0
9577580,336,47,1,1,2,140769,2,4,1,1
0,337,45,0,27,2,62135,2,2,1,1
1827320,339,32,1,8,0,55937,3,3,1,1
544560,340,36,1,7,1,33327,1,1,1,1
3946480,341,40,1,2,0,49592,2,2,2,0
11082000,342,45,1,9,2,83084,3,3,1,1
150440,343,24,1,23,0,26563,1,1,1,1
0,344,28,1,11,0,55938,3,3,1,1
834890,345,35,0,19,0,35284,2,2,2,0
1072230,346,31,0,11,0,92158,3,3,1,1
0,347,36,0,6,1,57044,2,3,1,1
0,348,28,0,4,0,71326,2,2,1,0
116400,349,33,1,18,2,56317,2,2,1,1
0,350,33,1,1,2,55441,2,2,1,1
8254930,351,31,1,28,0,50609,2,2,4,0
632080,352,44,1,16,1,39564,1,1,1,1
13594350,353,31,0,9,2,33134,1,1,1,1
0,354,31,0,2,1,60555,1,1,1,1
3163760,355,34,1,14,2,135879,3,3,1,1
13191530,357,35,1,11,1,127616,4,4,2,0
5175130,358,40,0,18,2,117830,3,3,1,0
35460020,359,37,1,23,2,107473,2,4,2,0
313450,360,39,0,12,0,58347,2,2,1,1
333120,361,33,1,13,1,13743,1,1,1,1
3912140,362,38,0,12,2,51609,2,2,2,0
1670310,363,30,1,13,2,67650,2,2,1,1
456170,364,27,1,4,2,35727,1,1,1,1
0,365,24,0,14,1,44740,2,2,1,1
0,366,29,1,6,2,44630,2,2,1,0
30869270,368,45,1,15,0,51911,1,2,4,0
0,369,32,1,12,1,28186,1,1,1,1
12205880,371,48,0,12,0,49113,1,1,4,0
196560,372,33,0,18,1,82259,2,2,1,1
4526790,373,30,0,15,2,38569,1,1,1,1
3526230,375,36,1,19,1,109992,3,3,2,0
2250980,376,38,1,24,2,88715,2,2,3,0
19017290,377,35,1,24,1,121332,1,3,2,0
0,378,33,1,28,2,35057,3,3,1,0
3315120,379,31,1,4,2,29106,1,1,1,1
0,382,28,1,9,1,12938,1,1,1,0
5040480,383,41,0,8,1,43969,1,1,1,0
2271730,384,26,0,19,0,52364,2,2,1,1
1131560,385,35,0,20,2,77156,3,3,2,0
5875810,386,45,0,9,0,137082,2,4,2,1
265760,387,29,0,14,2,45245,1,1,1,1
3023960,388,34,1,6,0,43611,2,2,1,0
400000,389,30,0,6,2,45923,2,2,1,1
0,390,32,0,14,2,70428,1,1,1,1
17483970,391,37,1,14,0,133783,1,3,3,0
0,392,35,0,12,0,84850,3,3,1,1
27458220,394,34,0,12,2,97722,2,4,3,0
1231540,397,28,1,3,2,73194,2,2,1,1
0,398,30,1,24,2,63280,2,2,1,0
920230,399,31,1,24,2,40604,1,1,1,1
9748190,400,35,1,10,1,65729,2,2,2,0
921350,401,38,0,15,1,76069,2,2,1,1
26927680,402,46,1,16,2,91279,1,3,3,0
0,403,29,1,6,2,24049,2,2,1,0
3328970,404,36,1,0,1,41553,2,2,2,1
3506580,405,34,1,5,2,25028,1,1,1,1
0,406,43,1,3,2,38625,1,1,1,1
16290800,407,41,0,4,0,58207,1,2,3,0
253660,409,29,1,0,1,33320,2,2,1,0
609830,410,39,1,16,0,57225,2,2,1,1
184650,411,28,0,0,0,52572,1,1,1,1
0,412,29,1,7,2,56243,2,2,1,0
10732480,414,33,0,17,1,97153,2,3,2,1
1754320,415,36,0,4,1,61575,2,2,3,0
0,416,35,0,19,1,92559,3,3,1,1
0,417,28,0,15,0,42027,2,2,1,0
3702370,418,31,1,6,0,74051,1,2,1,1
0,419,26,1,4,2,38390,1,1,1,1
607260,420,39,1,9,2,80489,3,3,1,0
4292240,421,41,1,23,2,93113,1,2,1,1
26975690,422,27,1,19,0,78754,2,3,1,0
1628780,423,36,1,12,1,43083,1,1,1,1
2652520,424,40,1,8,1,74684,2,2,1,1
15036790,425,47,1,14,0,30921,1,3,3,0
705550,426,34,1,16,2,65053,2,2,1,1
1465000,427,33,1,1,0,88180,3,3,2,0
0,429,37,1,27,1,120771,2,4,1,1
210000,430,32,1,20,1,14489,1,1,1,1
5715360,431,39,0,9,1,50457,3,3,3,0
2097840,432,36,1,5,1,17047,1,1,1,1
1193290,433,37,1,4,2,78656,3,3,1,1
51680810,434,30,0,25,2,88515,1,3,4,0
2759970,435,29,1,14,1,63479,1,1,1,1
25128430,436,28,1,16,2,128590,1,4,1,1
6940080,438,43,0,28,2,81206,1,2,1,1
4103180,439,27,1,22,0,60246,1,1,2,1
16391700,440,40,1,7,0,113125,2,4,1,0
4732810,441,32,1,25,2,81288,3,3,3,0
0,442,32,1,15,2,73933,3,3,1,1
0,443,31,0,22,0,55108,2,2,1,1
2888690,444,32,1,6,0,36856,1,1,2,0
0,445,32,1,27,1,33956,2,2,1,1
5971490,446,31,0,14,1,50832,3,3,3,0
30318780,448,37,1,1,0,65389,2,4,3,0
184290,449,25,1,2,1,32466,1,1,1,0
22457270,450,30,1,12,2,70415,1,3,4,0
0,451,41,0,7,2,123390,1,5,1,1
3363930,452,46,1,10,1,104473,2,4,1,1
23995570,453,37,1,3,2,123361,4,4,2,0
0,454,30,0,8,2,45357,1,1,1,1
0,456,35,0,18,0,45193,2,2,1,1
700000,457,23,0,24,0,54992,2,2,2,0
400280,458,31,0,10,1,16749,3,3,1,0
442730,459,29,1,3,2,67194,3,3,1,0
3415470,460,29,0,6,1,37575,2,2,2,1
1126370,461,32,0,27,1,53577,2,2,2,1
359320,462,35,1,7,2,46139,3,3,1,0
117860,463,39,1,16,0,47419,1,1,1,1
1457350,464,34,1,19,2,86072,3,3,1,1
4847980,465,35,0,27,2,87438,2,2,2,1
0,466,23,0,15,1,64179,2,2,1,1
0,467,32,1,21,1,83926,3,3,1,1
0,469,31,1,4,2,26067,1,1,1,1
0,470,31,1,0,1,39660,2,2,1,1
0,471,38,1,3,1,59318,3,3,1,1
1613030,472,39,0,15,0,83429,3,3,2,0
0,473,25,0,7,0,62431,1,1,1,1
0,474,32,1,1,0,45068,1,1,1,1
2119680,475,43,1,2,0,42714,1,1,1,1
1220340,476,28,0,7,1,22918,2,2,1,1
1410810,477,39,1,10,0,29312,1,1,1,1
0,478,31,0,12,0,39164,2,2,1,1
0,479,24,0,12,2,22947,1,1,1,1
6644580,481,30,1,3,2,68341,1,1,1,1
11593960,482,45,1,1,0,56611,1,2,2,1
10574260,483,42,0,7,0,132558,3,3,3,0
0,484,29,0,23,1,26562,1,1,1,1
10289970,486,40,0,1,1,31674,1,2,2,1
0,487,39,1,3,0,35091,1,1,1,1
9979710,488,45,1,20,2,80716,1,2,1,1
4758570,489,32,0,3,2,49475,1,1,2,1
0,491,26,1,11,2,41638,1,1,1,1
0,492,36,0,10,1,23107,2,2,1,1
4593470,493,28,1,28,0,52307,2,2,2,0
13593340,494,36,0,7,0,110964,3,3,1,0
250000,496,24,1,6,0,20170,1,1,1,1
149040,497,30,0,7,0,65035,2,2,1,1
0,498,31,1,12,2,65571,2,2,1,0
0,499,43,1,22,2,47668,3,3,1,0
7596440,500,40,1,3,0,103119,4,4,1,1
2207980,501,32,0,7,1,96956,3,3,2,0
0,502,23,1,24,0,49888,2,2,1,1
1787540,503,45,0,13,1,42544,1,1,2,1
2193610,504,33,0,6,0,49653,2,2,1,1
115940,505,25,1,18,1,55804,2,2,1,1
7165360,507,40,1,25,0,29231,1,2,2,1
0,508,33,1,13,0,48682,2,2,1,0
152640,509,25,1,27,1,92079,3,3,1,0
0,510,28,0,21,1,68751,1,1,1,0
0,511,34,1,13,2,58130,2,2,1,0
0,512,43,0,27,0,40777,1,1,1,1
580500,513,35,0,12,2,22793,1,1,1,1
0,515,26,0,21,1,10747,2,2,1,1
5648380,516,26,0,21,1,41099,1,1,1,0
0,517,51,0,0,2,59796,1,1,1,1
1250680,518,45,0,6,2,52199,1,1,1,1
0,519,36,1,21,0,83253,3,3,1,1
12922130,520,28,0,15,0,98996,4,4,1,1
4987200,521,35,1,19,1,27882,1,1,3,0
4760130,522,36,1,18,2,109652,2,3,3,1
1027790,523,39,1,28,1,31056,3,3,1,1
950000,524,33,1,8,0,82822,3,3,2,0
3570400,525,33,1,14,0,106727,3,3,2,1
11940020,527,35,1,15,0,86823,3,4,1,1
2256420,528,34,1,1,1,51086,2,2,1,1
181250,529,32,0,28,1,12934,2,2,1,1
0,530,37,1,20,2,31137,1,1,1,1
660480,531,35,1,27,2,68045,2,2,2,0
5181790,532,37,1,18,1,61243,1,1,3,0
200000,533,36,1,0,0,35731,1,1,1,1
0,534,28,1,1,1,87872,3,3,1,0
17244320,535,39,1,19,0,77182,1,4,1,1
980720,536,28,1,18,2,35112,1,1,2,1
23376420,537,35,0,21,0,84554,2,3,4,0
4507470,538,26,0,15,0,29698,1,1,2,0
0,539,36,1,16,1,109296,2,3,1,1
0,540,29,1,5,1,96233,3,3,1,0
5083330,541,27,1,0,2,71812,1,2,1,1
2308640,542,44,1,27,0,43720,2,2,1,1
0,543,29,1,3,1,34793,3,3,1,0
13721360,544,43,1,5,2,50345,1,2,2,1
0,545,29,0,18,0,62542,2,2,1,1
195960,546,36,0,5,2,20993,1,1,1,0
1252200,547,28,1,10,1,34536,2,2,2,0
0,548,31,0,12,2,55239,3,3,1,0
212640,549,24,0,11,0,20886,1,1,1,1
5097450,550,36,1,19,0,55670,1,1,3,0
236100,551,43,1,4,2,84481,3,3,1,1
35969490,552,37,1,4,0,65170,3,3,4,0
0,553,32,1,3,0,44273,2,2,1,1
577480,554,36,1,16,2,19649,1,1,1,1
20915380,556,36,0,27,2,51658,1,2,4,0
6705230,558,39,0,2,0,55263,1,2,1,1
1722620,559,41,1,19,1,44342,1,1,3,0
41826510,560,42,1,10,2,152234,3,4,1,0
0,561,28,1,25,0,43855,1,1,1,0
0,562,29,0,25,1,52465,2,2,1,1
3447760,563,35,0,12,1,73359,1,3,1,1
202500,564,38,1,0,2,31340,1,1,1,1
8594640,565,37,1,20,0,56543,3,3,3,0
7055630,566,37,1,1,2,50504,1,1,1,1
41667690,568,33,1,7,0,60655,1,4,2,0
29530380,569,40,0,18,1,111743,2,3,3,0
7429260,570,34,0,10,2,37929,1,1,3,0
1277730,571,32,0,22,2,95826,3,3,2,0
1682570,572,30,0,11,1,31890,2,2,2,1
0,573,27,1,20,2,54026,2,2,1,1
381660,574,40,1,4,1,70144,2,2,1,1
0,575,27,1,17,2,39391,1,1,1,0
242560,576,31,0,14,1,68356,3,3,1,1
158570,577,29,0,5,2,108091,3,3,1,1
0,578,35,1,21,0,46169,2,2,1,1
1583300,579,30,0,24,2,70570,1,2,1,1
19649270,580,42,0,9,2,56877,1,2,4,0
16475160,581,42,1,17,2,52641,1,1,3,0
26819450,582,33,0,1,2,47682,2,2,4,0
1828010,583,31,1,2,1,59926,2,2,3,0
585630,584,29,0,0,1,51593,2,3,1,1
0,585,41,0,23,1,14989,1,1,1,1
6291840,587,34,0,12,1,96680,3,3,4,0
1648010,588,28,0,4,1,17660,2,2,1,1
1395620,591,36,1,26,2,100882,3,3,2,0
9218380,592,42,0,12,0,67624,1,2,2,0
4035480,593,39,1,15,1,86336,3,3,1,1
303910,594,30,1,10,1,41093,2,2,1,0
1034740,595,30,1,18,1,55828,2,2,2,0
1049120,596,29,1,3,1,66483,2,2,1,1
1613430,597,28,0,15,2,85926,3,3,2,0
3530650,598,38,0,28,0,78135,2,2,1,1
0,599,27,0,22,0,71458,2,2,1,0
1883780,600,29,1,11,0,115293,3,3,1,1
942130,601,33,0,10,0,39119,1,2,1,1
0,602,28,1,28,1,49553,2,2,1,1
1602040,603,30,1,6,1,64842,2,2,1,1
18872890,604,47,0,18,0,65856,1,2,4,0
23650380,605,37,1,1,0,95352,1,3,2,0
2959740,606,34,0,1,1,114230,3,3,2,1
1703720,607,27,0,19,0,38764,1,1,2,1
2241630,608,24,1,18,2,83294,2,2,1,1
850280,609,33,0,28,2,46186,1,1,1,1
0,610,30,0,15,2,49664,2,2,1,1
0,611,32,0,1,0,39216,2,2,1,1
200000,612,31,1,8,1,29685,1,1,1,0
2256960,613,30,1,0,1,13653,1,1,1,1
5936640,614,23,0,1,0,36474,1,1,1,1
7563910,615,34,1,15,2,54056,1,2,1,1
5923040,617,22,0,9,1,21673,1,1,4,0
1277510,618,41,1,25,2,54520,1,2,1,1
2626230,619,30,0,5,0,32150,3,3,2,0
812040,620,29,0,27,2,79801,3,3,2,0
142560,621,29,0,23,2,101494,3,3,1,1
0,622,42,1,14,1,53454,3,3,1,0
0,623,23,0,21,0,57931,1,1,1,1
20011620,624,35,1,6,0,104712,2,3,2,0
1567300,625,32,1,3,0,49936,1,1,1,1
0,626,35,1,16,1,18788,2,2,1,1
2465510,627,36,1,8,0,35219,2,2,1,1
145450,629,43,0,6,1,38624,2,2,1,1
1320320,630,35,0,20,1,51781,2,2,1,1
210670,633,36,0,22,2,48059,3,3,1,1
355360,634,29,1,20,2,54358,1,1,1,1
300000,635,31,1,20,0,130429,3,3,1,1
0,636,44,1,12,1,95388,4,4,1,1
54792310,638,38,1,7,2,149403,2,5,2,0
4336590,639,27,1,3,2,66599,2,2,2,0
1510890,640,27,0,27,0,105931,3,3,1,1
240920,642,35,1,2,1,86516,3,3,1,0
1015390,643,35,1,18,0,63632,2,2,1,0
3695100,644,29,1,25,2,34741,1,1,3,0
960000,645,28,0,27,2,110445,2,4,1,1
301150,646,34,1,2,0,71776,3,3,1,0
0,647,34,0,1,2,57888,1,1,1,1
942840,648,28,0,22,1,18928,1,1,2,0
0,649,33,1,5,0,35584,1,1,1,1
0,650,33,0,7,0,42953,2,2,1,0
3210720,651,34,0,3,0,41298,3,3,1,1
0,652,34,1,12,0,112322,4,4,1,1
106510,653,44,0,0,1,64702,2,2,1,1
0,654,22,1,23,1,36116,2,2,1,1
429430,655,35,1,4,1,40926,2,2,1,1
4689800,658,30,0,25,0,105966,3,3,2,0
0,659,32,0,4,2,54903,3,3,1,1
0,660,24,0,26,1,15327,1,1,1,1
16118660,662,37,1,21,0,76548,1,2,3,0
0,663,27,1,13,0,97203,3,3,1,1
186080,664,33,1,10,2,40041,1,1,2,0
4173650,667,31,1,27,2,78143,2,2,1,1
4618180,668,29,0,22,0,45969,2,2,2,1
100680,671,33,1,2,2,42368,3,3,1,1
532480,672,30,1,9,2,77011,2,2,1,1
0,673,36,0,3,0,36967,2,2,1,0
200000,674,34,0,5,0,38546,1,1,1,1
1555490,677,48,0,21,0,71072,2,3,1,1
1403820,678,35,1,5,2,31411,1,1,3,0
5474330,680,37,0,22,2,127380,2,4,1,1
2457760,681,29,1,15,1,51840,2,2,3,0
6583320,682,30,1,5,0,40008,1,1,3,0
1617190,683,41,0,8,2,55762,1,1,1,1
1500340,684,23,0,12,1,30083,1,1,1,1
860000,686,28,0,0,2,62909,2,2,1,1
0,687,32,1,9,1,13037,1,1,1,1
2576870,688,46,0,5,0,22931,1,2,1,1
0,689,28,0,1,0,17186,1,1,1,1
580610,690,45,0,5,1,49509,2,2,1,1
0,691,30,0,26,1,59241,2,2,1,1
420720,692,32,1,15,0,31831,1,1,1,1
34707890,693,47,1,5,2,123729,2,4,2,0
999000,694,32,0,7,2,82632,3,3,2,1
308510,695,27,1,8,2,57667,1,1,1,1
0,696,27,0,1,1,79461,3,3,1,1
39090190,697,43,1,17,0,118215,4,4,2,0
5950210,698,33,1,0,2,76536,3,3,2,0
3208020,700,29,0,1,0,31052,1,1,2,1
22269520,701,44,0,22,2,85450,2,2,2,1
0,702,38,0,12,1,113807,3,3,1,1
13697710,703,29,1,2,2,103494,1,3,1,1
13234050,704,29,1,27,0,62931,1,2,3,0
0,705,40,1,12,2,130781,3,3,1,1
0,706,35,1,19,1,70677,3,3,1,1
1473770,707,31,0,23,2,58323,1,1,1,1
517690,708,39,0,10,1,97116,3,3,1,1
0,709,31,1,4,0,135436,5,5,1,1
7091010,710,32,1,9,2,110299,3,3,4,0
0,711,29,1,9,1,31182,1,1,1,0
1742320,712,34,1,24,0,83615,3,3,3,0
36389370,713,29,1,3,1,69388,1,2,4,0
3050100,714,35,1,4,2,81352,3,3,1,1
0,715,41,1,23,0,34780,2,2,1,0
34913070,716,44,1,0,0,63352,1,3,3,0
23542730,718,27,1,6,2,67490,1,3,4,0
5003700,721,34,1,10,2,101880,3,3,3,0
1724200,722,37,1,28,0,37839,2,2,1,1
11318750,723,33,1,8,0,42243,1,1,1,0
0,724,32,0,0,2,36430,2,2,1,1
211440,725,29,1,12,1,19456,1,1,1,1
2330430,726,30,0,9,0,51497,1,1,1,1
1296780,727,39,1,14,2,44720,2,2,2,1
0,729,33,1,20,1,40531,2,2,1,1
228920,731,35,0,11,1,19290,1,1,1,1
0,733,23,0,25,1,13937,1,1,1,0
5958340,734,35,0,14,2,88414,3,3,1,0
1450000,735,38,0,3,0,110490,4,4,1,1
665120,736,27,0,6,2,81944,1,1,1,1
388710,737,40,1,10,1,24752,3,3,1,0
0,738,26,1,27,0,41980,2,2,1,1
382150,739,30,0,12,1,108768,1,3,2,1
1187640,740,37,1,22,0,46131,1,1,2,0
0,742,34,1,4,0,84637,3,3,1,1
0,743,36,1,1,1,73273,2,2,1,0
1520540,744,27,1,12,2,43322,1,1,1,1
0,745,30,1,2,2,62042,2,2,1,1
6576490,747,32,0,8,0,58943,1,2,2,1
0,748,31,0,12,1,50210,3,3,1,0
0,751,27,1,14,1,105510,3,3,1,0
2041340,752,43,1,15,2,56243,2,2,2,0
23441990,753,35,1,7,0,59656,2,2,4,0
0,754,29,1,21,1,44820,2,2,1,0
0,755,36,1,27,0,25894,3,3,1,0
488410,756,29,0,23,0,57476,3,3,1,1
4220370,757,35,1,19,1,63181,1,3,1,1
3721270,758,34,1,6,0,54288,2,2,1,1
0,759,42,1,18,0,87182,3,3,1,1
0,761,23,1,1,2,69449,2,2,1,1
8862230,762,35,1,19,2,35024,1,2,2,0
0,763,32,1,24,2,22913,1,1,1,0
386590,764,37,0,18,0,18285,1,1,1,1
34007130,765,47,0,27,0,123216,1,4,2,0
8598800,766,31,0,27,0,28308,1,1,3,0
3880190,767,39,0,11,1,85693,1,3,1,1
8595450,768,24,0,18,0,87853,1,1,2,1
0,769,36,1,2,0,107149,3,3,1,0
1750310,770,26,1,18,1,18544,2,2,1,0
0,771,36,1,24,0,45071,2,2,1,1
17467630,772,30,1,21,2,75986,3,3,4,0
0,773,30,1,21,1,51600,2,2,1,1
1818860,776,37,0,27,0,63587,2,2,2,1
1445280,777,30,0,14,2,70816,2,2,1,1
1923530,778,31,1,28,0,38990,2,2,1,1
0,779,35,0,15,2,23182,1,1,1,1
712590,781,41,0,15,2,82503,3,3,1,1
3360700,782,36,0,21,0,42314,2,2,3,0
6521890,783,49,1,22,2,76195,1,2,1,1
0,784,41,1,8,2,100303,3,3,1,1
2431500,785,31,1,18,0,54209,2,2,2,0
2007550,787,35,1,18,0,75467,3,3,1,1
36806180,789,40,0,14,1,72265,2,3,4,0
5522460,790,31,1,3,0,40253,2,2,1,1
38028190,791,36,0,23,1,84961,2,3,4,0
0,792,32,0,10,2,48639,2,2,1,1
127800,793,26,0,26,2,92670,3,3,1,0
4315560,794,33,1,13,2,60252,2,2,1,1
5353970,796,32,1,18,2,50434,2,2,1,1
1193450,797,33,1,16,2,29689,1,1,1,1
0,798,37,1,19,1,34849,2,2,1,1
456480,799,34,0,13,0,30951,2,2,1,1
618510,800,36,1,25,1,49614,2,2,1,1
927300,801,39,1,21,0,62810,3,3,2,0
0,802,29,1,12,2,63080,3,3,1,0
0,803,27,1,2,2,62232,1,1,1,1
4081830,804,30,1,15,2,46600,2,2,1,1
1542500,805,24,1,7,0,17676,1,1,1,1
2567880,806,40,0,27,1,78647,3,3,1,0
0,807,32,0,17,0,81547,3,3,1,1
0,808,33,1,6,0,49914,3,3,1,1
153540,810,25,1,8,0,45531,2,2,1,0
1005120,811,30,1,18,2,66017,2,2,1,1
0,812,31,1,6,2,42395,1,1,1,1
0,813,33,0,19,1,31787,2,2,1,1
0,814,30,1,7,2,56133,1,1,1,0
0,816,41,1,27,2,55115,2,2,1,0
820140,818,32,0,14,2,26850,2,2,1,1
34495110,819,41,1,6,0,114358,2,4,2,0
9000520,820,39,1,5,2,59166,1,1,1,1
3435990,821,29,0,3,2,113120,1,3,1,1
0,822,31,0,15,1,42601,1,1,1,1
0,824,40,0,28,1,32446,1,1,1,0
0,825,36,0,25,2,64187,3,3,1,0
931110,826,28,1,16,1,70740,1,2,1,1
388440,827,33,1,20,2,67113,2,2,1,1
4702900,828,34,1,13,1,63298,3,3,2,0
523440,829,38,0,6,1,55313,3,3,1,1
2966980,830,27,1,22,2,80746,1,2,1,1
543220,831,32,1,11,2,42588,1,1,2,1
15440080,832,42,0,7,1,58747,1,1,4,0
0,834,36,1,12,0,83969,3,3,1,0
5377060,835,29,1,18,0,66179,2,2,1,0
2452190,836,41,1,21,1,63636,2,2,1,1
101070,838,41,0,2,2,52632,1,1,1,1
485450,839,47,1,7,1,53383,2,2,1,1
17134040,840,40,0,27,1,88813,1,4,2,0
0,841,33,0,12,0,58199,2,2,1,1
28562340,842,37,1,9,0,121419,1,4,2,1
13627070,843,30,0,6,0,56035,1,2,1,1
150160,844,31,1,18,1,21212,1,1,1,1
1453360,845,46,1,20,0,22019,2,2,2,1
0,847,30,1,3,0,40409,2,2,1,1
3791340,848,28,0,20,0,45871,2,2,1,0
1835070,849,33,0,12,0,77903,3,3,3,1
6883410,850,36,1,0,2,113038,2,4,1,1
101850,851,34,1,4,0,39131,1,1,1,1
0,852,23,1,13,0,70731,2,2,1,1
0,853,33,0,4,1,29584,2,2,1,1
0,855,35,1,8,1,83524,2,2,1,1
8687010,856,37,0,14,1,87661,1,3,1,1
504150,858,37,1,13,0,75541,2,2,1,1
1121790,859,23,1,8,2,26151,1,1,1,1
378640,860,38,1,12,1,45269,1,1,1,1
126010,863,32,0,21,2,40295,1,1,1,1
0,864,36,0,19,0,91602,2,4,1,1
3150620,865,30,0,1,2,122941,3,3,2,0
763920,866,47,1,11,1,29151,1,1,1,1
3357550,867,30,0,0,1,35803,2,2,4,0
-645150,868,24,0,20,1,34497,2,2,1,1
487460,869,37,1,27,1,28575,1,1,1,1
15298690,870,37,0,21,0,93000,1,3,3,0
0,871,37,0,19,1,52753,2,2,1,1
0,872,32,1,20,2,19791,1,1,1,1
32819830,873,33,0,20,2,134302,1,4,3,1
0,874,37,1,16,1,75133,3,3,1,1
0,875,36,0,23,0,93822,3,3,1,0
2778590,876,22,0,17,1,39442,1,2,1,1
0,877,32,1,13,1,94770,2,2,1,1
2586520,879,38,1,27,1,55443,1,2,1,1
1903080,881,32,1,7,1,61069,2,2,2,1
1353210,882,31,1,4,1,94945,2,4,1,1
100240,883,32,1,19,1,50863,1,1,1,1
251150,885,39,0,13,2,44241,2,2,1,0
0,886,36,0,11,2,31954,1,1,1,1
3201180,887,25,1,5,0,23745,1,1,1,1
20976830,888,31,1,0,0,57266,1,2,4,0
1100030,889,32,1,20,0,47988,3,3,1,0
5995150,890,34,0,24,1,43463,1,1,3,1
6967160,892,35,0,22,1,51725,2,2,3,1
17369610,893,50,0,1,1,73308,1,2,2,0
0,894,37,1,20,1,45342,3,3,1,1
271120,895,31,1,5,2,34868,1,1,1,1
362330,896,32,0,9,2,22680,1,1,1,1
4128080,897,51,1,23,0,38502,1,1,1,1
307100,899,29,1,12,1,28565,1,1,1,1
1355620,901,32,0,27,0,41382,2,2,1,1
0,902,28,1,20,0,55857,2,2,1,0
17866060,904,41,0,18,0,101179,3,3,1,0
0,905,31,1,0,1,43831,2,2,1,1
10697010,906,36,0,9,0,108997,3,3,3,0
0,907,36,0,12,0,39104,1,1,1,1
10493340,908,47,1,23,0,33883,1,2,2,1
740200,909,49,1,10,0,58807,2,2,1,1
3821920,910,36,1,11,2,44326,1,1,1,1
0,912,38,1,27,1,65995,3,3,1,1
0,913,30,1,18,0,72974,3,3,1,0
0,914,26,0,24,2,45234,1,1,1,1
2115160,915,46,1,11,1,18512,1,1,2,1
0,916,25,1,6,1,30136,1,1,1,1
1066070,917,25,1,14,2,60391,1,1,1,1
0,918,25,0,23,2,20379,1,1,1,1
0,919,28,0,4,2,39854,2,2,1,1
0,920,30,1,0,1,46117,2,2,1,0
0,921,34,0,2,2,55630,2,2,1,1
303580,922,34,0,17,0,47484,1,1,1,1
0,923,31,0,21,2,70339,2,2,1,1
3958550,924,25,1,16,2,60056,2,2,2,1
13197400,926,49,1,23,1,21646,1,2,2,0
1130280,927,29,1,21,2,61371,1,1,1,1
0,928,33,0,11,1,67236,3,3,1,1
0,929,31,1,23,0,20245,2,2,1,1
-101180,930,37,0,26,2,37285,1,1,1,1
5512220,931,29,0,3,1,59393,3,3,3,1
12072740,933,36,0,10,0,75765,3,3,4,0
12941580,935,39,0,12,1,23823,1,1,1,1
452140,936,27,1,22,2,42607,1,1,1,0
522630,937,32,1,4,1,36846,1,2,1,1
1098190,938,34,0,23,2,70330,3,3,1,1
6333350,939,45,0,14,1,87153,1,4,1,1
423240,940,23,0,14,2,69972,1,1,2,1
523320,941,36,0,5,0,100893,3,3,1,1
0,942,29,1,20,2,40688,2,2,1,1
23230860,943,53,1,14,1,24923,1,1,4,0
2084090,944,36,0,12,1,93093,1,3,1,1
25943780,945,40,0,22,2,83025,2,3,2,0
18653790,946,44,1,14,0,58803,1,2,3,0
983740,947,30,0,25,0,74402,3,3,1,1
0,948,35,0,3,2,24634,1,1,1,1
0,949,25,0,16,2,31392,1,1,1,1
0,951,41,1,4,1,70478,3,3,1,1
200020,952,37,1,9,1,27483,1,1,2,0
0,953,26,1,4,1,17253,1,1,1,1
25951520,954,31,1,4,1,43996,1,2,3,0
0,955,33,1,1,2,99893,3,3,1,1
6383030,956,30,1,14,0,29492,2,2,4,0
320760,958,35,1,14,1,50799,2,2,1,1
1147200,959,34,0,8,0,85685,3,3,2,0
4933750,960,39,0,22,2,107936,3,3,3,0
0,961,42,0,18,2,35996,1,1,1,1
0,962,37,1,28,0,45278,1,1,1,1
0,963,40,1,7,0,48483,1,1,1,0
0,964,31,1,27,1,46679,2,2,1,1
3676150,965,42,1,12,2,74516,1,2,1,1
0,967,45,1,2,2,59526,2,2,1,1
636910,968,26,1,23,0,20785,1,1,1,1
0,970,38,1,23,1,83350,3,3,1,1
201820,971,26,1,21,2,61982,3,3,1,1
1978160,972,52,1,0,1,47194,1,2,1,1
22388420,973,47,1,14,1,90484,1,3,3,0
2537350,974,23,0,27,0,30461,1,1,1,1
347470,975,38,0,26,0,33721,1,1,1,1
13942630,977,31,0,7,0,28297,1,1,1,1
1109860,978,32,1,3,2,60185,2,2,1,1
2300090,979,28,0,15,2,41620,1,1,2,1
0,980,36,1,19,2,49277,2,2,1,1
1118270,981,40,0,5,1,72118,3,3,1,0
309120,982,31,1,3,0,60672,3,3,1,0
15626920,984,29,1,14,2,53058,1,2,1,1
1267940,985,28,1,17,0,49031,1,1,1,1
0,988,35,1,1,0,60797,3,3,1,0
30755460,990,43,0,8,0,119806,1,4,2,0
16187110,991,31,1,15,0,61823,2,2,3,0
4961340,992,46,1,26,0,52083,1,1,2,0
1539590,994,32,1,12,2,39502,2,2,1,1
1272730,995,31,1,8,0,69418,1,3,1,1
213560,996,37,1,25,2,46134,1,1,1,1
1933470,997,28,1,5,1,40654,2,2,1,1
1033030,998,32,1,10,1,37617,1,1,1,1
1908000,999,23,0,12,0,36811,2,2,2,0
0,1000,28,0,22,2,56016,1,1,1,1
1646640,1001,38,0,17,2,127070,2,3,1,1
194320,1002,29,1,22,1,58277,1,1,1,1
570460,1003,28,1,9,1,11706,1,1,1,1
424460,1004,31,1,5,1,58588,2,2,1,1
0,1005,30,0,27,1,58540,1,1,1,1
675360,1007,31,1,12,2,87810,2,2,1,1
0,1008,23,1,19,0,33831,1,1,1,1
1643990,1009,41,0,10,1,65464,3,3,1,1
41669570,1010,34,0,19,0,120188,1,4,1,1
555150,1011,31,1,3,2,76776,2,2,1,1
0,1012,39,1,27,1,50281,3,3,1,1
8706130,1013,29,0,5,2,30930,1,1,3,0
883390,1014,26,1,11,1,60396,3,3,2,0
181670,1015,32,1,28,2,87047,3,3,1,0
1438860,1016,47,0,3,2,82704,1,2,2,1
2398470,1017,41,0,5,2,57869,2,2,1,1
0,1019,32,0,10,2,32652,2,2,1,0
400000,1020,38,1,16,0,22245,3,3,2,1
0,1021,38,1,21,1,25106,1,1,1,1
1477210,1023,27,1,18,2,79926,3,3,1,1
0,1024,27,0,10,2,24582,1,1,1,1
0,1026,27,1,23,2,48868,1,1,1,0
0,1027,25,0,10,0,27607,1,1,1,1
0,1028,26,1,6,2,63844,2,2,1,1
0,1029,24,1,8,1,20363,1,1,1,0
0,1030,28,1,11,2,20101,1,1,1,1
24743820,1031,45,1,26,0,68434,2,3,2,0
1121670,1032,30,1,26,1,17000,1,1,2,0
3250190,1033,28,1,3,1,41705,1,1,1,1
9611290,1035,38,0,26,2,51680,2,2,4,1
0,1036,39,0,8,2,32263,3,3,1,1
37135780,1037,37,0,1,2,135414,1,4,2,0
204150,1038,31,1,23,0,21543,3,3,1,1
26646720,1039,45,1,18,0,138069,2,4,2,0
0,1040,32,1,2,2,62748,2,2,1,1
244200,1041,38,0,9,0,49443,3,3,1,1
18248240,1043,34,1,3,0,93121,2,3,2,0
10479300,1046,34,1,11,2,76198,2,3,3,1
0,1048,37,0,0,2,52668,2,2,1,1
9828090,1049,28,1,18,2,37278,1,1,1,1
14899610,1050,32,0,20,0,35462,1,2,3,0
14676410,1051,34,0,24,2,77483,1,2,3,0
989800,1054,37,0,11,0,92940,3,3,1,0
250000,1055,33,1,25,2,70772,2,2,1,1
4931940,1056,32,1,24,2,92713,2,2,4,0
12132870,1057,33,1,21,0,52553,3,3,4,0
754590,1058,37,0,26,1,47696,2,2,1,1
219800,1059,28,1,11,2,45330,1,1,1,1
0,1060,32,1,21,0,80290,2,2,1,1
0,1061,27,1,1,0,24932,1,1,1,1
0,1062,29,0,24,1,69071,2,2,1,1
5029620,1063,37,1,12,2,82503,3,3,1,1
0,1064,34,1,19,1,104966,3,3,1,1
3328230,1065,46,1,23,2,76467,2,3,1,1
317440,1066,29,1,21,1,26253,1,1,1,0
1995410,1067,41,1,25,2,68596,1,3,1,1
1044180,1069,36,0,25,1,55834,2,2,1,1
872600,1070,33,1,27,2,101638,3,3,2,0
8494310,1072,28,1,7,2,55648,1,1,1,1
2174480,1073,26,1,12,0,67149,1,1,4,0
0,1075,40,1,5,0,52480,2,2,1,1
1305290,1076,29,1,4,0,51837,1,1,1,1
14298980,1077,26,0,22,1,42768,1,1,2,0
1678910,1078,38,1,17,1,31540,3,3,1,0
150660,1079,40,1,12,1,84873,3,3,1,1
0,1080,36,1,28,0,47594,1,1,1,1
-96960,1081,24,0,24,2,55551,1,1,1,1
434400,1082,35,0,19,0,35079,2,2,1,1
0,1083,26,0,20,0,60417,1,1,1,1
705030,1084,30,1,0,2,49521,1,1,1,1
2155780,1085,35,0,22,2,62637,2,2,1,1
0,1086,35,1,17,0,94519,2,2,1,1
2553260,1087,35,1,22,1,89854,3,3,3,0
0,1089,37,1,2,2,60905,1,1,1,1
50382490,1090,39,1,4,1,96750,2,4,2,0
6600380,1091,31,0,14,2,45720,1,1,1,1
10885280,1092,31,0,7,1,36118,1,1,2,1
18472930,1093,37,1,0,0,77831,1,3,2,0
1175250,1094,41,0,27,1,56347,2,2,1,1
950370,1095,24,0,12,2,30442,1,1,1,1
0,1096,26,1,5,1,73363,2,2,1,1
2280790,1097,35,1,24,0,69794,2,2,4,0
1016780,1098,40,1,1,0,41591,3,3,1,1
1769360,1099,32,0,22,1,61413,2,2,2,0
1897250,1101,33,1,17,2,26592,1,1,1,1
0,1102,31,1,26,2,73245,3,3,1,1
0,1103,26,1,0,2,40318,1,1,1,1
9271700,1104,32,0,26,2,73594,3,3,4,1
1259100,1105,42,1,25,1,59168,1,1,2,1
17132800,1106,37,1,13,0,49193,1,2,3,0
0,1107,39,1,12,2,65633,3,3,1,0
772720,1108,32,1,6,0,47188,1,1,1,1
20284600,1109,37,0,19,1,88798,1,3,3,0
0,1110,26,1,9,0,41167,1,1,1,1
41660820,1111,40,1,20,2,153109,3,4,1,0
1615970,1112,38,0,4,2,27432,1,1,1,1
903470,1113,36,1,28,2,50769,1,1,1,1
1765870,1114,34,0,28,0,85781,3,3,2,0
0,1115,31,1,7,2,64444,2,2,1,0
1460340,1116,35,1,8,0,89585,2,2,2,0
276220,1117,34,1,18,2,52990,2,2,1,1
14970770,1118,29,1,26,1,49410,2,2,4,0
19409190,1119,29,0,13,0,41581,1,1,4,0
0,1122,30,1,9,0,80591,3,3,1,1
8684000,1123,43,0,12,0,55112,1,2,1,1
977970,1125,34,0,9,1,71977,3,3,2,0
0,1126,38,1,17,0,43747,2,2,1,1
9474670,1129,33,1,25,1,73087,1,2,2,1
0,1130,27,1,23,0,46464,1,1,1,1
605860,1131,24,0,10,1,68309,1,2,1,1
479380,1133,32,0,19,2,44062,1,1,1,1
2785800,1134,34,1,10,0,112066,3,3,1,1
0,1136,35,0,8,1,50118,2,2,1,1
1023820,1137,33,1,13,0,102175,3,3,2,1
0,1138,31,1,16,2,81440,3,3,1,1
11622640,1139,35,0,17,1,49939,1,1,2,0
0,1140,25,1,21,0,46856,1,1,1,1
249160,1141,37,0,27,2,61133,3,3,1,1
3605360,1143,32,1,21,2,30860,1,2,1,1
5222230,1144,34,1,23,2,69412,2,2,3,0
0,1145,31,1,12,2,60118,2,2,1,0
150010,1146,34,1,18,0,27548,2,2,1,1
25672950,1147,37,0,21,1,69789,2,4,2,0
4048630,1149,35,0,20,0,82078,3,3,2,0
1119590,1150,35,0,0,2,38572,2,2,1,1
140880,1151,33,1,27,1,103994,4,4,1,1
134760,1152,34,0,15,1,17607,2,2,1,1
0,1153,34,0,28,2,108284,3,3,1,0
104650,1154,33,1,3,1,30106,1,1,1,1
415800,1155,25,0,7,2,51796,1,1,1,1
443750,1156,31,1,19,0,46239,1,1,1,1
0,1157,31,1,22,2,57356,1,1,1,0
2356380,1158,33,0,16,0,62905,3,3,1,1
700160,1159,34,1,1,2,50547,3,3,2,0
0,1160,28,1,26,1,12779,1,1,1,1
23381570,1161,30,1,3,0,67371,1,3,1,0
0,1162,36,1,13,2,114416,3,3,1,0
457120,1163,24,0,27,1,22962,1,1,1,1
9214510,1164,34,0,26,2,32376,1,1,2,1
29252710,1165,39,0,7,0,98374,1,3,4,0
0,1166,35,1,1,0,18378,1,1,1,1
2096510,1167,29,1,15,1,22895,1,2,1,1
1009070,1169,33,1,13,0,95188,3,3,2,0
2675260,1172,28,1,28,0,76076,2,2,1,1
6584010,1173,41,1,14,2,26301,1,1,1,0
3704100,1175,42,0,19,2,52588,1,1,2,1
9893760,1177,26,1,19,1,23094,1,1,4,0
1497710,1178,42,1,7,0,71974,3,3,1,0
17287180,1179,52,0,9,0,78200,1,3,2,0
0,1180,33,0,7,0,66416,2,2,1,1
53807450,1181,34,0,14,0,122554,1,4,2,0
0,1182,38,1,16,1,75499,3,3,1,1
0,1183,35,1,3,1,99876,3,3,1,1
2646940,1185,27,1,16,2,39328,1,1,2,1
0,1186,30,0,19,0,64699,2,3,1,1
900420,1187,30,0,27,2,109986,3,3,1,1
31372160,1188,33,0,27,1,101005,2,4,1,0
0,1189,26,1,10,0,15970,1,1,1,1
1303920,1190,28,1,0,1,61991,2,2,3,0
35362450,1191,37,1,26,2,118722,1,4,2,0
0,1192,24,0,24,2,21234,1,1,1,1
521860,1193,29,1,20,2,50022,2,2,1,1
0,1194,24,0,6,1,61727,2,2,1,0
0,1195,33,0,19,0,55949,2,2,1,0
144060,1196,26,1,15,1,46789,2,2,1,1
600000,1197,22,0,25,1,26083,1,1,2,1
1613740,1198,32,1,23,2,70899,2,2,3,0
0,1199,25,1,20,1,19245,1,1,1,0
2949270,1200,38,1,12,0,107178,3,3,1,0
0,1201,42,1,14,2,43305,2,2,1,0
564380,1202,30,0,1,2,75735,2,2,1,1
0,1203,28,1,14,0,51433,2,2,1,1
7267150,1204,37,1,9,1,40035,1,1,1,1
18340790,1205,28,1,5,0,95465,2,2,3,1
15938480,1206,42,0,6,0,72584,2,3,3,0
0,1207,28,1,16,1,56498,2,2,1,1
0,1208,30,1,1,2,36558,1,1,1,1
0,1209,35,1,13,0,62599,3,3,1,0
0,1210,37,1,17,1,59653,2,2,1,0
0,1211,27,0,0,2,48097,3,3,1,1
7414770,1212,27,1,28,1,47419,1,2,1,1
15537200,1213,49,1,26,2,54491,1,1,3,0
1226380,1214,38,1,12,2,55698,2,2,3,0
0,1215,26,1,20,1,18088,1,1,1,1
1816480,1216,30,1,0,0,37992,1,1,1,1
0,1217,38,1,24,2,48409,1,1,1,1
0,1218,28,1,3,0,37630,2,2,1,1
0,1219,22,0,12,1,30295,1,1,1,1
0,1220,37,0,21,2,90851,3,3,1,1
9263440,1222,33,0,12,2,87845,2,2,3,0
0,1223,28,1,5,2,54527,2,2,1,1
4358500,1224,33,1,20,2,78442,3,3,3,0
12662250,1225,30,0,2,0,42262,1,1,3,0
643150,1226,32,1,26,1,12456,1,1,1,1
0,1227,33,0,3,2,71748,2,2,1,0
3087440,1228,32,1,28,0,45575,1,1,1,1
43100100,1229,36,1,8,1,115006,1,4,1,1
2855230,1230,35,0,27,2,92594,3,3,2,0
797200,1231,44,0,26,2,82540,3,3,1,0
14593130,1232,30,1,19,2,133978,2,4,2,1
3980440,1233,32,0,24,0,42565,2,2,1,1
12219890,1234,38,1,20,0,21755,1,1,3,0
262200,1235,34,1,22,1,50372,1,1,1,1
4026360,1236,42,1,1,0,94965,1,2,1,1
57159050,1238,29,1,3,1,106983,2,4,4,0
1884180,1239,24,0,22,2,50554,1,1,1,1
452050,1242,43,0,16,2,67971,3,3,1,1
25133230,1243,40,0,19,2,81975,1,3,4,0
751330,1244,36,0,1,1,15291,2,2,1,1
163200,1245,32,1,12,0,43975,2,2,1,1
806000,1246,31,0,2,0,44069,1,1,1,1
3245370,1247,32,1,21,1,19217,1,1,1,1
0,1248,35,0,19,0,39499,1,1,1,1
27355810,1249,23,1,24,0,37143,1,2,2,0
4154190,1250,40,0,5,2,55519,1,1,1,1
988020,1251,38,0,17,0,130277,3,3,1,1
500420,1252,24,0,25,1,47117,2,2,1,1
0,1255,41,1,11,1,84791,3,3,1,1
62000,1258,29,0,15,1,98630,2,2,1,1
20792700,1259,39,1,13,0,72550,1,2,3,0
0,1260,31,0,8,1,15520,1,1,1,1
1452130,1261,29,1,8,1,73103,2,2,1,1
0,1262,31,1,12,1,66074,2,2,1,1
29562230,1263,38,1,7,0,62041,2,2,3,0
1445310,1264,27,0,10,2,77369,1,3,1,1
10702790,1265,35,1,26,1,60358,1,2,3,0
7440160,1267,30,1,10,2,35658,1,1,2,0
783480,1268,38,1,18,2,66569,2,2,2,0
9411200,1269,37,0,11,1,98306,1,2,2,1
34630160,1271,39,0,3,1,108122,5,5,2,0
0,1272,32,0,12,0,38456,2,2,1,1
0,1273,32,0,2,2,72186,2,2,1,0
50986970,1274,54,1,6,2,145861,1,4,2,0
0,1275,30,0,9,1,10883,1,1,1,1
1401640,1276,37,1,14,0,42785,1,1,1,0
438620,1277,32,1,14,0,53471,2,2,1,1
0,1278,31,1,24,2,78444,3,3,1,1
250000,1279,24,0,22,0,34521,1,1,1,1
1368420,1280,41,0,12,0,100150,3,3,1,1
272220,1281,29,1,1,1,65870,3,3,1,1
6357950,1283,28,0,26,1,50693,2,2,1,0
5026280,1284,28,0,11,0,53931,1,1,4,0
2404630,1285,31,1,3,2,55419,2,2,1,1
722870,1286,35,1,6,1,81271,3,3,2,0
1227460,1287,26,0,26,0,52789,1,1,1,1
0,1288,34,1,12,0,94237,3,3,1,1
7686550,1289,37,1,0,2,39644,1,1,2,1
5565420,1290,37,0,16,2,27467,1,1,3,0
262990,1294,23,1,12,2,89580,3,3,1,0
-14310,1295,31,1,15,2,51643,1,2,1,1
220840,1296,26,1,10,2,50803,1,1,1,1
428080,1297,38,0,12,0,18106,1,1,1,1
4359960,1298,36,0,20,0,72219,2,2,1,1
350000,1300,35,1,10,2,39823,1,1,1,1
2649220,1301,33,1,26,0,74620,2,2,1,1
350000,1303,33,0,18,2,78813,2,2,1,1
351360,1304,27,0,13,0,32574,1,1,1,1
632420,1305,25,0,16,1,21150,1,1,1,1
1805810,1306,35,0,6,1,26928,1,1,1,1
0,1307,35,1,8,1,55638,3,3,1,1
0,1308,36,1,21,1,58027,3,3,1,1
2498800,1309,34,1,2,0,70921,3,3,1,1
579740,1312,21,0,25,1,22115,1,1,1,1
0,1314,28,1,4,2,36070,1,1,1,1
2748590,1315,34,1,25,0,66225,2,2,1,1
37833950,1316,34,0,20,0,75773,2,3,3,0
0,1318,29,1,27,2,111414,3,3,1,1
2836200,1319,40,0,24,2,25178,1,1,1,1
1264800,1320,36,1,14,2,67498,2,2,1,1
500880,1321,34,1,12,1,76396,2,2,1,1
250040,1322,28,1,11,0,48963,2,2,1,0
1752360,1323,44,0,25,0,67140,1,1,1,1
0,1324,38,1,14,0,57190,3,3,1,0
500860,1325,34,1,17,2,69401,3,3,1,0
1282690,1326,28,0,12,0,41463,1,1,1,1
33998640,1327,40,0,21,1,37413,1,2,4,0
0,1328,26,0,23,0,39790,1,1,1,0
0,1329,31,1,21,2,70088,1,1,1,1
12476730,1330,46,0,22,1,116163,1,4,1,1
478360,1331,39,0,26,0,17493,1,1,1,1
0,1333,34,0,2,2,43026,2,2,1,1
24857720,1334,40,1,10,0,107712,4,4,4,0
23471030,1335,34,1,9,2,157124,2,3,3,0
0,1336,28,1,21,2,76525,3,3,1,1
2591670,1337,50,0,1,0,55465,2,3,1,1
680590,1338,33,1,20,1,33154,3,3,1,1
0,1339,30,1,24,1,24291,1,1,1,0
100190,1340,32,1,6,0,70038,2,2,1,1
832510,1341,35,1,13,1,53117,3,3,2,0
807040,1342,32,0,12,1,31057,2,2,1,1
8137390,1343,36,0,18,0,75417,2,3,1,1
432940,1345,29,1,21,1,15186,2,2,1,0
0,1347,31,1,17,1,54901,2,2,1,1
551530,1348,36,1,17,2,58052,2,2,1,1
4877210,1349,33,1,23,1,67126,1,3,1,1
0,1350,39,1,6,1,43705,2,2,1,1
0,1351,27,1,27,1,74837,2,2,1,0
191040,1352,33,1,6,0,99415,2,2,1,1
749150,1353,44,1,3,1,49049,2,2,1,1
11686450,1354,34,0,12,2,54212,2,3,1,1
1638630,1356,31,0,2,2,29306,2,2,1,1
0,1357,39,1,21,2,105400,3,3,1,1
0,1358,32,1,14,0,44463,2,2,1,0
0,1359,31,1,0,2,52007,2,2,1,1
3068720,1360,32,1,12,1,107592,4,4,1,1
566200,1361,40,1,8,2,26796,1,1,1,1
0,1362,29,1,12,0,72843,2,2,1,1
12628580,1363,45,0,10,1,32736,2,3,1,1
566440,1364,43,0,3,0,87325,3,3,1,1
1525920,1365,30,1,9,2,25483,1,1,1,1
0,1366,39,1,14,1,17496,2,2,1,1
1601650,1369,29,0,1,1,54231,1,1,1,1
12707450,1370,37,0,14,2,66350,1,1,1,0
17620700,1371,27,1,18,1,28447,1,1,2,1
2397340,1372,31,0,13,2,37695,1,1,4,0
363000,1373,34,1,18,2,47651,2,2,1,1
23297720,1374,34,1,24,0,88121,1,2,1,0
1081690,1375,48,0,0,2,44722,1,1,1,1
0,1376,23,1,15,2,44907,1,1,1,1
501960,1378,28,0,20,1,52711,2,2,1,1
0,1379,29,1,0,1,68975,2,2,1,0
2973920,1380,28,0,8,0,77197,2,2,1,1
351230,1381,41,0,28,2,82617,3,3,1,0
9207200,1382,33,0,7,2,68259,3,3,2,0
0,1383,28,1,10,1,88777,2,2,1,1
5075440,1384,34,1,12,1,38059,1,1,2,1
0,1385,31,0,15,1,74265,3,3,1,1
1164500,1386,27,0,18,2,25458,1,1,1,1
200000,1387,35,1,6,2,51930,2,2,1,1
100880,1388,32,1,18,1,44566,2,2,1,1
605840,1390,51,1,6,1,81150,2,3,1,1
5338460,1392,40,0,4,0,89118,1,4,2,1
1241460,1393,30,1,22,2,54154,2,2,2,0
253900,1394,36,1,17,0,57908,2,2,1,1
0,1395,46,0,24,2,30292,1,1,1,1
4586180,1396,31,1,7,0,54821,2,2,1,1
1399000,1397,37,0,2,0,106794,3,3,1,1
0,1398,32,0,9,0,44160,2,2,1,1
1320720,1399,37,0,7,2,48576,2,2,2,0
0,1400,39,1,23,2,59112,2,2,1,1
229200,1401,32,0,23,0,58073,3,3,1,0
1684920,1402,33,0,25,1,19072,1,1,1,1
1690620,1403,36,1,0,1,64693,2,2,1,1
7758650,1405,33,1,3,0,119870,3,3,4,0
3060390,1406,33,1,20,0,80586,1,3,1,1
1195750,1407,27,1,18,0,27806,1,1,1,1
0,1409,33,0,24,0,81561,3,3,1,1
0,1410,25,1,24,2,44061,1,1,1,1
1833630,1411,40,1,27,1,126416,3,3,2,1
0,1412,34,1,3,0,77528,3,3,1,0
4514140,1413,27,1,21,2,29181,1,1,1,1
20941450,1414,31,0,21,0,47329,1,2,3,0
944190,1415,29,1,12,0,20641,1,1,2,1
919460,1416,32,0,8,0,55374,1,1,2,0
552030,1417,38,1,12,2,41446,1,1,1,1
1592290,1418,31,1,8,2,67679,1,1,1,1
503720,1419,34,1,15,1,17855,1,1,1,0
695650,1421,27,1,13,0,62396,3,3,1,1
6187090,1422,31,0,3,2,58946,2,2,2,1
1502540,1424,31,1,16,1,48369,2,2,1,1
442880,1425,26,1,7,1,37613,1,1,1,1
25624290,1426,37,1,0,0,98220,1,3,2,0
2495300,1428,27,1,11,1,90585,3,3,3,0
1741830,1429,33,0,26,0,70900,1,1,1,1
0,1430,31,0,25,1,19433,2,2,1,1
0,1431,37,0,26,0,52963,2,2,1,1
16090900,1432,34,1,18,1,29365,1,2,3,0
1620670,1433,25,1,7,1,57678,3,3,2,0
0,1434,37,1,13,0,57744,3,3,1,0
100920,1435,25,0,6,2,19020,1,1,1,1
149660,1436,25,1,27,1,64128,2,2,1,1
742860,1437,34,0,22,2,56060,2,2,1,0
966790,1438,37,1,1,1,63819,3,3,2,0
463890,1439,31,0,26,0,49664,1,1,1,1
499890,1441,28,1,1,0,78906,2,2,1,1
0,1442,27,1,4,1,54126,2,2,1,1
551680,1443,36,0,18,0,48540,2,2,1,1
4204270,1444,29,0,25,2,27216,1,1,3,1
37693910,1446,39,0,27,2,119932,2,4,2,0
4750660,1447,45,1,21,2,56478,3,3,4,0
0,1448,36,0,27,1,57087,2,2,1,0
0,1449,26,0,1,1,36529,1,1,1,0
1662660,1450,30,0,25,0,33246,2,2,1,1
262400,1451,25,0,17,0,61502,1,1,1,1
5943130,1452,31,1,16,2,61218,1,1,3,1
1957360,1453,31,1,12,1,34593,1,1,2,1
0,1454,33,1,22,2,135337,3,3,1,0
0,1455,30,1,8,0,55718,2,2,1,1
150720,1456,32,1,28,0,54906,2,2,1,1
0,1457,35,1,3,0,48050,3,3,1,1
1970870,1458,28,0,8,2,41971,2,2,1,1
1476320,1459,34,1,17,2,70994,2,2,1,1
6766950,1461,46,1,1,1,39841,2,2,2,1
0,1462,27,0,9,2,58278,2,2,1,0
8420350,1463,42,1,11,0,38105,1,1,2,1
19778240,1464,48,0,17,2,69141,1,2,3,1
100310,1465,34,1,8,1,45180,3,3,1,1
859940,1466,42,1,11,0,45183,2,2,1,1
709210,1468,31,1,12,0,66779,3,3,1,0
752450,1469,28,1,28,1,44091,1,1,2,1
13715180,1470,30,1,20,1,47565,1,1,2,1
1455180,1471,36,1,19,0,43690,1,1,1,1
18851330,1472,41,0,14,2,107368,2,4,1,1
0,1473,41,1,18,1,94171,3,3,1,1
0,1474,27,1,19,0,25207,2,2,1,1
26696700,1475,28,1,13,0,104567,3,3,4,0
150360,1476,33,1,5,0,39422,2,2,1,1
0,1477,30,1,27,2,110542,4,4,1,1
5143840,1479,37,1,24,1,50436,3,3,1,1
0,1480,29,0,17,1,39635,2,2,1,1
394850,1481,36,0,11,0,16688,1,1,1,1
0,1482,38,0,19,0,50211,3,3,1,1
485600,1483,24,0,4,2,40408,1,1,1,1
47124880,1484,46,1,11,1,101198,2,4,3,0
0,1485,25,1,13,0,46010,1,1,1,1
29181100,1486,45,0,6,1,81172,1,4,1,0
1979760,1487,30,1,18,2,23299,1,1,2,1
1410500,1489,29,1,27,0,39403,2,2,3,0
1174310,1490,39,0,13,1,71142,2,2,1,1
0,1491,26,1,12,0,56936,2,2,1,1
0,1492,42,1,0,1,130279,3,3,1,1
4722090,1493,27,1,10,2,64476,1,1,1,1
0,1494,32,0,9,1,34356,1,1,1,1
889800,1495,30,1,14,2,97212,2,2,2,0
0,1498,28,0,3,1,49570,2,2,1,1
127760,1500,31,1,9,2,86551,3,3,1,1
0,1501,38,1,24,2,73316,3,3,1,0
150030,1502,35,0,13,2,64780,2,2,1,1
17624660,1504,50,1,27,2,31555,2,2,3,0
1052990,1505,27,0,14,0,69831,3,3,2,0
0,1506,31,0,5,0,57107,1,1,1,1
0,1507,39,0,10,2,60780,2,2,1,1
8000250,1508,33,1,15,1,108452,2,3,1,1
10264390,1509,35,1,19,0,79222,2,2,1,1
12796500,1510,28,0,7,0,92375,1,3,3,0
1741740,1512,32,1,15,0,49957,2,2,1,1
3117260,1513,25,0,20,1,19448,1,2,1,1
640640,1514,32,1,12,1,54667,3,3,1,0
0,1515,36,1,16,2,84573,3,3,1,0
658610,1516,35,0,3,2,75453,2,2,2,1
4504950,1517,42,0,2,2,125545,1,3,1,1
300210,1518,36,0,6,2,113064,3,3,1,0
5839760,1520,32,1,24,2,64559,1,2,1,1
0,1521,31,1,12,0,31401,1,1,1,0
1597690,1522,30,0,25,2,64606,2,2,1,1
0,1523,28,0,11,2,35116,1,1,1,1
1439130,1524,35,0,4,1,44784,2,2,1,1
711920,1525,28,0,4,1,61884,2,2,1,1
14026730,1526,34,1,0,2,60087,1,1,3,0
196920,1527,31,1,24,2,82042,2,2,1,0
0,1528,42,1,17,2,76707,2,2,1,1
0,1529,37,0,24,1,20523,1,1,1,0
0,1530,27,1,12,2,44841,1,1,1,1
320450,1531,31,1,17,2,46001,2,2,1,1
3268160,1532,37,1,11,0,48555,2,2,2,0
0,1533,32,0,14,1,74305,3,3,1,1
3329000,1534,30,0,18,1,96076,3,3,1,1
0,1536,27,1,6,2,39731,1,1,1,1
10990300,1540,32,1,24,2,44949,1,2,2,1
825600,1541,40,1,23,1,48956,1,1,2,1
0,1542,39,0,25,1,42300,1,1,1,1
0,1543,44,1,23,0,31948,1,1,1,1
350000,1544,37,1,4,0,90123,2,2,1,1
803540,1547,33,0,4,2,57863,2,2,1,1
1893740,1548,28,1,12,0,35090,1,1,1,1
21660330,1549,36,0,13,0,95945,1,3,3,0
483680,1550,30,1,11,0,25552,2,2,1,0
1553390,1553,45,0,0,1,24821,1,1,1,1
4071230,1555,29,1,15,0,42317,1,1,2,1
0,1556,31,0,18,1,21762,1,1,1,1
145500,1557,32,1,3,2,47379,1,1,1,1
3209970,1558,31,1,14,1,34561,2,2,1,1
2661590,1559,38,0,5,2,62853,1,1,1,1
9460590,1560,37,1,26,0,44999,1,2,2,1
386060,1561,31,1,17,1,30292,1,1,1,0
1350140,1562,25,0,8,2,31361,1,1,1,1
8856850,1563,42,0,19,2,35176,2,2,3,0
5698600,1565,36,0,28,0,30310,1,1,1,1
0,1566,31,0,25,1,59451,3,3,1,1
151600,1567,36,1,14,0,46726,3,3,1,1
0,1568,34,1,12,0,70455,2,2,1,0
6424400,1569,25,1,13,2,56760,1,1,1,1
0,1570,33,0,13,2,72503,2,2,1,1
0,1571,23,1,7,2,54632,1,1,1,1
0,1572,30,1,27,1,21245,2,2,1,1
19301010,1573,30,0,27,0,62349,1,2,4,0
0,1574,27,1,5,1,72839,2,2,1,1
0,1575,34,1,6,2,111621,3,3,1,1
5300890,1576,29,1,18,2,71740,3,3,2,1
0,1577,32,0,16,1,43963,2,2,1,1
6887200,1578,42,1,4,2,54922,2,2,1,1
7277380,1579,24,1,1,1,32779,1,1,4,0
0,1580,27,1,19,1,23149,2,2,1,1
0,1581,29,1,6,1,25873,1,1,1,1
2659790,1582,39,1,22,0,52711,2,2,2,1
0,1583,27,0,7,1,12456,1,1,1,1
17967580,1585,48,1,26,0,117644,2,4,1,1
0,1586,30,0,25,1,75643,2,2,1,0
3009570,1587,46,0,12,1,48111,2,2,1,1
19559860,1588,42,1,24,0,84516,1,2,3,0
1462050,1589,39,1,6,2,55037,3,3,1,1
0,1590,31,0,8,1,38396,2,2,1,1
0,1591,28,1,10,0,43897,2,2,1,1
3313220,1592,25,0,21,2,58051,1,1,3,0
0,1593,27,1,20,1,49886,2,2,1,1
450700,1594,33,1,12,0,76101,3,3,1,0
2272880,1595,29,1,14,0,27572,1,1,3,1
2512600,1597,38,0,8,0,54600,2,2,2,1
12423580,1598,35,1,12,2,95284,4,4,1,0
301200,1599,30,0,28,2,108812,3,3,1,0
6125270,1600,37,1,5,2,83083,3,3,1,1
0,1601,31,1,3,1,59932,2,2,1,1
1016890,1602,38,1,1,1,22645,1,1,1,1
0,1603,28,0,12,2,66465,1,1,1,1
4320510,1605,42,1,7,1,50832,1,1,3,0
22800020,1606,44,0,3,0,99127,1,3,3,0
4015020,1607,26,1,6,2,77477,3,3,1,1
0,1609,22,0,24,1,12987,1,1,1,1
1072630,1610,38,1,26,0,116218,2,4,1,1
4609660,1611,31,1,23,0,23537,1,1,1,1
12641110,1612,35,1,19,1,69697,2,2,1,1
0,1613,33,1,18,1,45531,2,2,1,1
0,1614,42,1,19,0,20797,2,2,1,1
0,1616,44,1,5,0,100297,5,5,1,1
0,1617,34,1,22,2,45153,1,1,1,1
0,1618,29,1,0,0,56985,2,2,1,0
0,1619,33,0,7,1,44706,2,2,1,0
7519640,1621,27,1,17,2,29043,1,1,4,1
0,1622,35,1,12,1,21412,2,2,1,0
14313890,1623,37,1,24,2,94437,1,3,2,0
101850,1624,30,0,4,0,72989,3,3,1,1
164520,1625,40,1,21,2,56380,3,3,1,0
0,1626,40,1,0,2,113174,4,4,1,0
0,1627,31,1,0,0,34473,2,2,1,1
0,1628,37,1,19,1,35189,3,3,1,1
7120860,1629,38,1,3,1,112424,2,4,1,0
0,1630,35,0,20,0,98568,2,2,1,1
9309340,1631,23,0,25,2,71984,1,3,1,1
0,1632,36,0,22,0,81876,2,2,1,0
6097060,1633,31,0,21,1,52126,2,2,3,0
270780,1634,23,0,13,0,40818,1,1,1,0
252760,1635,29,1,12,1,13417,1,1,1,1
0,1636,32,1,3,2,61712,3,3,1,1
948670,1637,34,0,0,2,68209,3,3,1,0
60153830,1638,33,0,11,0,122837,3,3,4,1
738300,1639,47,1,27,0,50533,1,1,1,1
11769770,1640,28,1,20,0,88169,3,3,2,1
15329900,1642,50,1,21,2,55774,2,2,3,0
454610,1643,36,1,17,0,47992,1,1,1,1
28842760,1644,48,0,28,0,105513,2,4,1,0
0,1645,25,1,22,1,15822,1,1,1,1
0,1646,33,0,0,2,74903,3,3,1,1
650770,1647,26,1,22,2,36114,1,1,1,1
0,1650,31,0,15,1,34600,2,2,1,0
4836070,1651,43,1,9,1,21942,1,1,2,1
1335220,1652,33,1,22,0,127193,3,3,2,0
0,1653,32,0,10,1,16486,1,1,1,1
16431480,1655,34,0,2,0,43252,1,2,3,0
21404140,1657,40,1,1,1,100892,1,4,2,0
3489080,1658,30,0,14,2,34234,1,1,2,0
0,1659,25,0,14,0,60688,2,2,1,1
543200,1661,43,1,12,0,21898,1,1,1,1
21851100,1662,43,0,0,1,120954,1,3,3,0
0,1663,36,1,24,2,59481,2,2,1,0
25121990,1664,52,0,19,0,91839,1,4,2,1
1139880,1665,35,1,3,0,52175,2,2,2,1
2921180,1666,34,1,13,0,42844,2,2,4,0
0,1667,42,1,21,0,58534,3,3,1,1
3416270,1668,33,0,6,1,52635,2,2,1,0
2903650,1669,22,1,17,1,11068,1,1,1,1
10734200,1670,34,0,0,0,24875,1,1,2,0
0,1671,29,0,28,1,62689,3,3,1,1
0,1672,37,0,5,0,115978,4,4,1,1
4016540,1673,52,0,5,2,81784,1,2,1,1
219010,1674,34,0,0,2,21627,1,1,1,1
21717750,1675,42,0,5,2,53930,1,1,1,1
1212980,1676,36,0,19,2,70831,2,2,2,0
4513790,1677,33,0,1,2,123255,2,2,4,1
5911900,1678,34,1,7,1,41305,2,2,2,0
14577970,1679,36,1,3,2,55285,1,2,2,0
3018940,1680,32,0,28,0,65299,2,2,1,1
500000,1681,29,1,9,2,40325,1,1,1,1
1989440,1682,24,1,16,2,48711,2,2,2,1
592150,1683,40,0,28,1,100798,3,3,2,1
3378920,1685,34,0,17,0,56916,1,1,1,1
174000,1686,34,1,6,1,30959,1,1,1,1
611520,1687,33,1,22,2,45207,1,1,1,1
0,1688,28,1,20,2,65448,2,2,1,1
123720,1689,36,0,22,2,50809,3,3,1,1
4984870,1690,35,1,20,0,87794,2,3,1,1
0,1692,34,1,22,2,82666,3,3,1,1
1799230,1693,34,0,13,0,48656,2,2,2,1
26073780,1694,29,1,6,0,61789,1,2,4,0
302530,1695,34,1,11,2,94933,3,3,1,1
0,1696,43,0,27,2,51246,2,2,1,0
152890,1697,27,0,5,1,57627,1,1,1,1
360000,1699,31,0,13,1,14166,1,1,1,1
983750,1701,32,0,28,1,17234,1,1,1,1
0,1702,39,1,22,1,45148,2,2,1,1
0,1703,27,0,11,1,39434,1,1,1,1
30735660,1704,30,0,9,0,114651,1,3,3,1
0,1706,30,0,7,2,104897,3,3,1,0
1885000,1707,35,0,25,1,21129,1,1,3,0
0,1708,25,1,10,1,57063,2,2,1,0
0,1709,34,1,8,1,35823,1,1,1,1
2094920,1710,43,0,26,0,121239,3,3,3,0
193680,1712,27,1,9,0,104754,3,3,1,0
14723750,1714,28,1,18,0,39559,1,2,3,0
510930,1715,29,1,15,1,66935,2,2,1,1
18180000,1716,32,0,26,1,89503,1,4,1,1
0,1717,24,1,11,2,27693,1,1,1,1
10223140,1718,36,0,18,1,95658,2,4,1,1
3934690,1719,46,0,22,1,44497,1,1,2,1
0,1720,33,1,21,1,73122,3,3,1,1
0,1721,37,0,24,1,26206,2,2,1,1
6492630,1722,42,1,19,2,76806,1,3,1,1
0,1723,30,1,0,0,29283,1,1,1,0
994340,1724,39,1,0,0,56536,2,2,2,0
0,1725,25,1,11,1,47565,2,2,1,0
0,1726,29,1,27,0,39121,1,1,1,1
0,1727,34,1,0,1,29359,1,1,1,1
0,1728,40,1,16,2,43047,2,2,1,1
5927690,1729,39,0,2,1,96317,1,3,2,1
0,1730,42,1,28,1,51579,1,1,1,1
0,1731,29,0,20,1,61343,1,5,1,1
0,1732,39,0,1,0,42723,1,1,1,1
13366510,1733,43,1,27,2,41276,1,1,3,0
2222160,1734,25,1,10,2,22575,1,1,1,1
504670,1735,31,1,13,0,91787,3,3,1,1
0,1736,32,1,19,0,49122,1,1,1,1
0,1737,29,1,1,0,31773,1,1,1,1
8320680,1738,29,1,18,0,53928,1,1,1,1
0,1739,30,1,26,0,56867,2,2,1,1
0,1740,27,0,14,2,53857,1,1,1,0
5814180,1741,39,1,3,0,95139,3,3,4,0
0,1742,32,0,19,2,95822,3,3,1,1
10855850,1743,38,1,9,1,45163,2,2,1,1
0,1744,23,1,14,1,47072,1,1,1,1
21356700,1745,31,1,9,2,149637,2,4,2,0
5644080,1746,51,0,3,2,38478,1,2,2,1
403730,1749,32,0,0,2,33681,1,1,1,1
153700,1751,30,1,24,2,60847,2,2,1,1
2199920,1752,35,0,6,0,80094,3,3,1,0
14401180,1753,41,1,4,1,47598,1,1,3,0
-500000,1754,25,0,1,2,42975,1,1,1,1
0,1755,29,1,11,0,37995,2,2,1,1
11165310,1756,42,0,4,0,51016,2,3,1,1
485570,1757,35,0,22,0,31500,1,1,1,1
0,1758,40,1,19,2,67685,3,3,1,0
0,1759,31,1,20,2,22738,1,1,1,1
439470,1760,31,1,23,0,30996,1,1,1,1
0,1761,39,1,12,2,149354,5,5,1,1
0,1763,22,0,3,1,33042,1,1,1,1
196060,1764,39,1,26,2,76804,3,3,1,0
0,1766,32,1,12,0,23221,3,3,1,0
626620,1769,33,1,11,2,45609,1,1,1,1
33709640,1770,38,0,23,2,92440,1,4,1,0
0,1771,34,0,6,1,40685,2,2,1,1
642820,1773,27,0,2,2,81385,1,2,1,1
484200,1774,35,1,15,2,83242,2,2,1,1
0,1775,37,0,9,0,85332,3,3,1,0
8743580,1776,37,1,2,2,73566,2,2,4,0
3834850,1778,29,1,22,2,47980,2,2,1,1
630200,1779,28,1,22,1,59205,1,1,1,1
187950,1781,39,1,17,2,91064,3,3,1,1
16483690,1782,40,0,9,0,101227,1,3,2,0
34374620,1783,45,1,5,1,54718,1,3,4,0
2591250,1784,30,0,15,2,58671,1,2,2,1
0,1785,31,1,19,0,67067,3,3,1,1
893410,1786,24,1,28,0,63577,1,1,2,1
0,1788,32,0,23,0,49696,2,2,1,1
0,1789,31,1,17,0,22875,1,1,1,1
0,1791,41,1,21,0,54377,2,2,1,0
2342890,1792,39,1,18,1,61613,3,3,2,1
2842880,1793,28,0,16,2,48734,2,2,2,0
117320,1795,29,1,5,0,60764,2,3,1,1
290950,1796,38,1,25,2,62204,2,2,1,1
768870,1797,25,1,27,0,45526,1,1,1,1
306770,1800,32,1,22,0,35542,2,2,1,1
1816830,1801,26,0,7,0,57714,1,1,2,0
0,1802,25,1,9,2,26520,2,2,1,0
-1385530,1803,34,1,22,2,52914,1,1,1,1
300830,1804,31,1,6,2,86813,3,3,1,0
2589640,1805,40,1,10,1,59636,3,3,1,0
341060,1807,29,1,11,0,16581,1,1,1,0
7067580,1808,52,1,25,0,65754,3,3,1,1
200000,1809,38,1,14,0,75835,2,4,1,1
10735670,1810,36,1,4,1,90743,1,3,1,1
18027620,1811,37,1,28,2,66631,1,2,2,0
0,1812,35,0,15,1,51267,3,3,1,0
1876530,1813,44,1,5,2,88204,4,4,1,1
15570900,1814,27,0,23,1,125011,1,4,1,1
739760,1815,32,1,22,0,44108,2,2,2,0
101890,1816,27,0,26,1,53920,1,1,1,1
20702280,1817,41,0,27,0,64154,1,3,2,0
0,1818,30,1,17,2,25579,2,2,1,1
270020,1819,23,1,7,0,30342,1,1,1,1
0,1820,37,0,12,0,57083,2,2,1,1
2094860,1823,44,1,17,1,46309,2,2,2,1
1856620,1824,22,1,18,1,27023,1,1,1,1
395400,1825,51,1,4,1,11943,1,1,1,1
4899080,1826,32,1,26,0,145483,3,3,1,1
1314850,1828,34,1,7,1,46866,3,3,2,0
0,1829,32,0,11,0,53181,1,1,1,1
5542490,1830,33,1,25,1,30044,1,1,3,0
637320,1831,38,1,24,0,42960,3,3,1,0
100370,1832,41,1,23,2,136307,5,5,1,1
0,1834,39,1,8,1,39994,2,2,1,1
1533680,1835,28,1,0,2,42507,1,2,1,1
2590880,1836,34,0,12,1,48546,2,2,1,0
4169060,1837,30,1,6,1,80368,2,2,4,0
101980,1838,28,0,26,2,22095,1,1,1,1
0,1839,38,1,11,1,15861,1,1,1,0
21029470,1840,31,0,25,0,38183,1,3,4,0
32766560,1841,33,1,16,1,123565,1,3,2,0
0,1842,28,0,15,1,68837,2,2,1,1
150350,1843,35,1,25,1,113857,3,3,1,1
103970,1844,42,0,0,0,17476,1,1,1,1
2305640,1845,30,1,28,2,45811,1,2,1,1
0,1846,39,0,22,0,41504,2,2,1,1
1682170,1847,33,0,16,0,26160,1,1,2,1
0,1848,28,1,4,2,40671,1,1,1,1
14208530,1849,33,1,25,2,53062,1,2,1,1
1684420,1850,34,0,12,2,80779,2,2,2,1
290830,1851,41,0,13,1,54180,2,2,1,1
29036280,1852,55,1,22,0,76029,1,3,4,0
11614440,1853,27,1,21,2,140833,1,4,1,1
3980110,1854,44,1,13,1,53355,1,2,2,1
0,1855,30,1,8,2,54971,2,2,1,1
20351490,1856,50,0,0,0,59431,1,4,3,1
26818060,1858,27,0,20,2,48860,1,1,2,0
17160130,1859,35,1,14,1,37209,1,1,4,0
234840,1860,35,1,5,0,37704,2,2,1,1
0,1861,39,1,7,1,41796,1,1,1,1
800710,1862,44,0,17,1,55815,2,2,1,1
0,1863,29,1,19,0,78511,2,2,1,1
29146990,1864,34,0,21,0,85688,1,3,3,0
3143290,1865,41,1,2,2,51764,2,2,1,1
473500,1866,33,1,3,0,38416,1,1,1,1
1850000,1867,26,0,12,2,90560,1,3,1,1
2357650,1868,43,0,19,1,78444,1,3,1,1
4346800,1869,33,0,13,0,127737,3,3,2,0
2458110,1871,29,1,24,1,42573,2,2,2,0
0,1872,36,0,3,1,63739,3,3,1,1
0,1873,33,0,27,1,53926,2,2,1,0
17454920,1874,38,1,18,0,55601,2,2,3,0
27099710,1875,45,0,11,2,74090,1,3,4,0
638080,1876,38,1,6,0,18948,1,1,1,1
52526160,1877,40,0,18,1,126742,1,5,1,1
5587800,1878,30,0,25,1,43578,2,2,1,1
4280480,1879,46,1,13,0,77647,3,3,1,1
0,1880,33,0,5,1,66854,2,2,1,0
4453830,1882,33,1,8,0,52471,3,3,2,1
197080,1883,34,0,3,1,53123,3,3,1,1
1205820,1884,30,1,16,0,44443,1,1,2,0
2895700,1886,30,1,7,0,18192,1,1,1,1
471290,1887,33,1,12,0,27895,1,2,1,1
4030510,1888,27,0,12,1,41255,2,2,1,0
0,1889,30,0,1,1,39830,2,2,1,1
0,1890,32,0,5,0,79599,3,3,1,1
0,1891,33,0,19,0,79239,3,3,1,1
20918330,1892,44,1,10,2,67732,1,2,4,0
1675670,1893,39,1,18,0,132819,5,5,1,0
0,1894,33,0,26,2,51264,3,3,1,0
0,1895,26,1,20,2,33721,1,1,1,1
0,1896,41,0,6,1,71593,2,2,1,1
6594920,1897,33,1,7,2,123750,2,4,1,1
0,1898,37,1,7,1,36230,3,3,1,1
221040,1899,30,1,6,2,57581,1,1,1,1
4413820,1900,30,1,4,1,24538,1,1,1,1
0,1901,28,1,2,2,96265,3,3,1,1
0,1902,35,0,28,1,39246,2,2,1,1
1228620,1904,27,1,5,1,29148,2,2,1,1
213060,1905,29,1,24,2,68418,3,3,1,1
7265580,1906,34,1,15,0,76092,2,3,1,1
0,1908,27,0,27,1,29660,2,2,1,1
2605330,1909,31,0,13,2,36661,3,3,2,1
3842680,1911,41,0,6,2,96143,3,3,1,1
2038430,1912,25,0,0,1,74589,1,3,1,1
1078260,1913,34,1,18,1,32285,2,2,1,1
2042670,1914,32,1,22,2,48010,1,1,2,0
951830,1916,37,0,7,2,34619,1,1,1,1
5339390,1917,31,1,23,2,27867,1,1,1,1
25757010,1918,31,0,13,1,73070,1,3,4,0
0,1919,33,1,13,2,41169,3,3,1,1
0,1922,27,1,12,0,25605,2,2,1,1
13626550,1924,31,0,1,0,73534,2,2,2,0
0,1925,27,1,23,0,63402,2,2,1,0
728820,1926,30,1,18,2,29575,1,1,1,1
2709580,1927,42,1,12,1,32043,1,3,1,1
485010,1928,29,1,4,0,69939,3,3,1,1
4184300,1929,31,1,28,2,66923,2,2,2,0
1061950,1930,37,1,21,0,67317,1,2,1,1
418100,1932,28,0,26,0,63898,2,2,1,1
0,1933,32,0,16,1,40086,1,1,1,1
0,1934,26,1,26,2,52518,2,2,1,1
1250540,1935,32,1,27,1,60214,1,1,2,1
16585750,1936,26,1,14,0,25818,1,1,3,0
3825400,1937,27,1,20,0,78057,3,3,1,1
1888150,1938,36,1,6,2,83455,3,3,1,1
1500210,1939,28,0,0,2,55315,1,2,1,1
1231750,1941,28,0,26,2,58533,2,2,3,1
663870,1942,36,0,19,0,61994,2,2,1,1
1241200,1944,46,0,2,0,19072,1,1,1,1
200000,1947,32,0,19,1,41973,2,2,1,1
0,1948,27,1,22,0,29520,1,1,1,1
3204010,1949,31,0,22,0,88909,3,3,1,1
0,1950,26,0,22,1,28506,2,2,1,1
0,1951,30,1,21,1,44512,3,3,1,1
3500430,1952,28,1,1,2,34020,1,1,1,1
1382460,1954,31,1,28,1,49213,1,1,1,1
0,1955,29,1,22,0,79676,3,3,1,0
474230,1956,36,1,5,0,77645,3,3,1,0
13395500,1957,38,0,13,1,25678,1,2,3,0
2435610,1958,28,0,17,1,32250,1,1,1,0
6006280,1959,36,1,18,2,40099,1,1,2,1
0,1960,30,0,0,1,59169,2,2,1,1
952730,1962,29,1,6,2,59078,3,3,2,0
0,1963,32,1,2,1,46860,2,2,1,1
1183570,1965,36,1,10,0,40118,3,3,2,0
375220,1967,41,1,21,1,28059,1,1,1,1
16747520,1968,40,1,6,0,55836,1,1,2,0
798510,1970,24,1,12,0,40996,2,2,1,1
0,1971,25,1,7,1,45593,2,2,1,0
3330620,1972,29,0,9,1,44137,1,1,1,0
233880,1973,36,1,5,0,52011,1,1,1,1
3357730,1975,36,0,11,0,21043,1,1,1,1
0,1976,31,0,12,2,51181,2,2,1,1
7227870,1977,36,0,27,1,26145,1,1,2,0
0,1978,41,1,8,1,12553,1,1,1,1
0,1979,33,1,17,0,18642,1,1,1,1
899410,1980,36,1,21,1,42383,3,3,1,0
2131080,1981,39,0,19,2,60415,2,2,3,0
6907240,1982,34,0,0,0,81936,2,2,2,0
2395890,1983,49,0,15,2,76531,1,2,1,1
181680,1984,35,1,26,0,56702,2,2,1,1
3033920,1987,25,1,23,2,67394,2,2,1,1
0,1988,39,1,16,1,72499,3,3,1,1
4643360,1989,37,1,26,2,76388,3,3,2,0
3121600,1990,22,1,20,1,48097,1,1,2,1
1119000,1991,30,1,12,2,76425,2,2,1,1
1375680,1992,35,0,18,2,28498,1,1,2,1
0,1993,32,1,13,1,74953,2,2,1,1
0,1994,37,1,1,0,46345,3,3,1,1
87200,1995,34,1,24,1,54291,1,1,1,1
2866880,1996,37,1,4,0,48436,1,1,1,1
7942910,1997,35,1,2,0,42408,1,2,1,1
0,1998,36,1,6,1,32523,2,2,1,1
0,1999,28,0,10,0,30258,1,1,1,0
1789380,2000,25,1,5,2,46866,1,1,1,1
0,2001,27,0,15,0,39471,1,1,1,1
24461920,2002,35,1,25,0,98821,2,4,1,1
0,2003,26,0,19,0,54056,2,2,1,1
442400,2005,25,1,4,2,58320,1,1,1,1
493600,2007,27,0,7,1,85803,3,3,1,1
26824210,2008,35,0,19,1,30840,1,2,4,0
0,2009,28,0,1,1,60796,1,1,1,1
4293290,2010,32,1,17,0,34692,2,2,1,1
5893200,2012,28,1,22,0,70916,2,2,1,0
3015730,2013,37,0,12,2,59274,1,1,2,1
5352210,2014,31,0,27,2,60967,2,2,2,0
0,2015,33,0,14,2,58203,1,1,1,1
899070,2016,24,0,0,2,24906,1,2,1,1
3266460,2017,44,1,23,0,53521,1,2,2,1
0,2018,25,1,13,1,29719,2,2,1,0
1154370,2019,40,0,7,0,64781,2,2,2,1
212320,2020,33,1,22,0,58131,3,3,1,1
3136400,2021,25,1,17,2,33239,1,1,4,1
1069470,2022,31,1,15,1,47050,3,3,1,1
0,2023,38,0,27,1,37709,2,2,1,1
310260,2024,33,1,12,2,21746,1,1,1,1
1302720,2025,29,1,23,1,42234,1,1,1,1
0,2026,31,0,18,2,36096,1,1,1,1
36239210,2027,36,0,27,0,130245,1,4,2,0
21565150,2028,41,0,19,2,46269,2,2,3,0
0,2030,32,0,13,1,42779,2,2,1,0
225060,2031,26,1,23,1,48890,2,2,1,1
746720,2032,29,1,26,1,85677,3,3,2,0
3239170,2033,29,1,13,2,51303,1,1,1,1
6908370,2034,27,0,1,2,74087,1,2,1,1
2141250,2035,43,1,25,1,66031,1,2,1,1
0,2036,28,0,13,1,72393,2,2,1,1
0,2037,31,1,23,1,50370,3,3,1,1
0,2038,23,0,26,0,17687,1,1,1,1
0,2039,36,0,24,2,74434,2,2,1,0
859840,2040,25,1,6,0,20590,1,1,1,1
0,2041,34,1,14,2,46083,2,2,1,1
3305680,2043,36,1,1,1,94212,3,3,3,0
466160,2044,34,1,12,1,38619,2,2,1,1
794170,2045,25,1,28,0,84806,3,3,1,1
8183770,2047,36,1,21,2,70252,3,3,1,1
17600760,2049,41,0,15,0,100888,1,3,2,1
16924970,2050,35,1,21,2,92796,2,2,4,0
4318000,2052,36,1,9,2,73177,2,2,3,0
428840,2053,31,0,16,2,46979,3,3,1,1
0,2054,27,1,20,1,56814,2,2,1,1
11244630,2055,33,1,1,1,42260,3,3,2,0
781740,2056,30,1,15,1,100412,3,3,1,1
576430,2057,32,0,19,0,40198,2,2,1,1
764970,2058,34,0,27,2,57449,1,1,2,0
0,2059,37,0,12,0,67669,2,2,1,1
0,2060,30,1,5,2,62011,2,2,1,0
7600110,2061,42,0,6,0,57975,2,2,1,1
7387090,2062,27,1,1,2,92401,2,2,1,1
0,2063,33,1,9,2,55473,2,2,1,1
2455760,2064,27,1,24,2,78564,2,2,1,1
0,2065,36,0,2,1,44146,2,2,1,1
2500570,2066,37,0,21,2,63181,2,2,1,1
337170,2067,27,0,17,2,21792,1,1,1,1
0,2068,37,1,2,0,39750,1,1,1,1
0,2069,42,0,15,1,30999,1,1,1,1
24294670,2070,32,1,25,1,82773,2,4,2,0
3630980,2071,34,0,22,0,80535,2,2,4,1
1000130,2073,21,1,19,1,42380,1,1,2,1
0,2074,25,1,9,0,47487,2,2,1,1
19132220,2076,40,0,6,2,90200,1,2,2,0
7909650,2078,35,0,3,1,83028,3,3,4,0
1643120,2082,29,1,16,2,65726,2,2,1,0
2199640,2083,37,0,8,2,46515,1,1,1,1
0,2084,26,0,8,2,42405,2,2,1,1
3991680,2085,30,0,14,2,50787,1,1,1,1
0,2086,45,1,28,1,29915,1,1,1,1
29736510,2087,52,1,16,2,102597,1,3,4,0
0,2088,32,0,28,0,45264,1,1,1,0
952840,2089,33,1,21,1,38201,3,3,2,0
152890,2090,32,1,6,2,74873,2,2,1,0
2717680,2091,40,1,16,0,22556,1,1,1,1
4660960,2092,34,1,11,0,66035,3,3,2,1
0,2093,31,1,10,2,58872,2,2,1,1
0,2094,28,1,6,0,26053,1,1,1,1
0,2095,34,1,18,0,48829,1,1,1,1
2113020,2096,35,1,5,0,71129,2,2,2,0
0,2097,36,1,17,1,70496,3,3,1,0
0,2098,44,1,13,2,139882,3,5,1,1
9611480,2100,42,1,28,0,65632,2,2,4,1
104740,2101,30,1,8,2,90421,3,3,1,1
6514730,2102,44,1,11,2,117708,3,4,1,1
698240,2103,37,1,1,1,64855,2,2,1,1
17504850,2104,41,0,26,1,79523,1,3,4,0
0,2105,33,1,13,0,33442,1,1,1,1
2037410,2106,32,0,11,1,21252,1,1,2,1
100710,2108,32,0,7,2,59928,1,1,1,1
9644890,2109,31,1,26,2,72478,2,2,2,0
20187150,2110,38,1,10,1,131847,5,5,1,0
0,2113,32,0,6,0,38992,1,1,1,1
56969020,2114,41,0,10,1,105686,2,4,4,0
0,2115,30,1,28,2,69166,2,2,1,1
1000000,2116,52,0,14,1,40592,1,1,1,1
0,2117,37,1,23,2,41591,2,2,1,1
7800830,2118,27,1,1,2,47752,2,2,3,1
845060,2120,31,0,23,0,19052,1,1,1,1
654060,2121,26,0,14,2,31743,1,1,1,1
250310,2122,34,1,11,1,61065,3,3,1,1
0,2123,46,0,22,1,42604,2,2,1,1
3045460,2124,23,1,4,0,68936,1,2,1,1
2987810,2125,41,0,16,0,39560,1,1,1,1
321720,2126,35,0,20,2,44707,2,2,1,1
0,2127,34,0,3,2,86291,2,2,1,1
1042760,2128,37,1,20,0,21270,1,1,1,1
441810,2129,34,0,8,2,59930,2,2,1,1
362450,2130,34,1,12,2,40948,2,2,1,1
194820,2131,30,1,13,0,45665,2,2,1,1
405620,2132,31,0,13,0,70778,2,2,1,0
0,2133,28,1,14,0,74781,3,3,1,1
59696450,2134,40,1,21,1,116006,2,5,1,0
194150,2135,43,0,16,1,47426,3,3,1,0
20041520,2137,35,0,18,2,61050,1,2,3,0
0,2138,29,1,27,0,43989,1,1,1,1
1508530,2139,26,1,23,2,95969,2,2,3,0
0,2140,32,1,10,0,50778,3,3,1,0
0,2141,28,1,7,2,49533,3,3,1,1
5029310,2142,45,0,18,2,41723,1,1,1,1
0,2143,26,1,21,1,42844,2,2,1,1
584180,2144,36,0,28,2,42166,2,2,1,1
0,2145,32,1,23,0,44012,2,2,1,1
0,2146,27,1,25,0,59352,2,2,1,1
11207560,2148,32,0,8,2,69678,3,3,2,0
5484730,2151,32,1,5,1,52035,1,2,1,1
50000,2152,28,0,14,2,27194,1,1,1,1
201770,2153,30,0,2,0,80499,2,2,1,0
0,2154,41,1,17,2,153766,5,5,1,1
774780,2155,36,1,21,2,42772,1,1,1,1
1639910,2156,34,0,24,2,82046,2,2,1,1
216810,2157,36,0,1,1,46480,2,2,1,1
1353350,2159,35,0,21,0,42813,1,1,1,1
10804780,2160,37,0,27,2,66650,2,2,2,0
411660,2161,39,1,10,0,32871,3,3,1,1
6598680,2162,38,1,15,0,31809,1,1,1,1
0,2163,32,1,2,0,55700,1,1,1,1
165440,2164,23,1,6,0,35943,1,1,1,1
0,2165,37,0,15,1,45604,1,1,1,1
13590220,2166,43,1,21,2,31780,1,1,3,0
6598600,2167,39,1,0,0,70714,1,2,3,1
13936770,2168,40,1,17,0,50801,1,1,2,1
1124200,2169,28,0,26,1,133579,3,3,1,0
2140510,2170,30,1,5,2,52196,1,1,1,1
0,2171,35,1,8,1,55777,3,3,1,1
0,2172,27,1,28,1,53105,1,2,1,1
0,2173,43,1,17,0,64370,3,3,1,1
4627380,2174,41,1,12,1,19371,1,1,2,1
961180,2175,41,1,21,2,101223,4,4,1,1
0,2176,30,1,17,0,50029,1,1,1,1
2587850,2178,33,0,2,0,69971,2,2,3,0
18036100,2179,32,0,14,0,59105,1,2,3,0
873850,2180,39,1,14,1,11889,1,1,1,1
0,2181,35,0,16,0,47440,2,2,1,1
7305650,2182,24,0,22,1,40437,1,1,1,1
0,2183,40,0,1,0,29450,3,3,1,1
8930640,2186,30,0,27,2,70246,1,2,2,1
0,2187,31,1,12,1,25510,1,1,1,1
386460,2188,42,0,2,1,94440,4,4,1,0
21746880,2189,44,0,28,0,145116,2,4,2,0
144200,2190,28,1,26,0,62955,1,2,1,1
150040,2191,29,1,18,0,30960,1,1,1,0
0,2192,39,1,10,0,106428,3,3,1,1
13363600,2193,36,1,21,2,84266,3,3,2,0
16342310,2194,36,0,12,1,90033,4,4,2,1
0,2195,32,1,22,1,27262,2,2,1,1
28251450,2196,36,1,17,0,116383,2,4,1,0
-411250,2197,49,0,8,0,82179,2,2,1,1
35896130,2198,48,0,5,1,82691,1,3,4,0
10752230,2199,27,1,24,2,93170,3,3,3,0
29040450,2200,35,1,6,0,69756,1,3,3,0
1299750,2201,32,0,10,0,54631,2,2,1,1
310000,2202,30,1,8,1,33986,2,2,1,0
0,2203,31,1,26,0,59650,2,2,1,1
7285960,2204,29,0,23,2,61879,1,1,2,1
3747990,2205,31,0,27,0,31210,2,2,3,0
357370,2206,25,1,24,0,33391,1,1,1,1
0,2207,34,1,11,1,20010,1,1,1,1
345010,2208,24,1,25,2,117011,3,3,1,0
416990,2209,37,0,7,0,42339,2,2,1,1
66352800,2210,39,1,18,0,112513,1,4,4,0
4008780,2211,34,1,27,1,22556,1,1,1,1
3311100,2213,58,0,16,0,29202,1,1,3,1
1159750,2214,33,1,12,1,90020,2,2,2,1
1282390,2215,27,1,25,0,23801,1,1,1,1
0,2216,31,1,7,2,52209,2,2,1,1
2512630,2217,36,0,23,0,72778,3,3,2,0
150440,2218,23,0,9,1,20984,1,1,1,1
8421010,2219,33,1,17,0,110792,2,3,2,1
200000,2220,38,1,9,0,59077,2,2,1,1
405920,2221,33,1,10,1,62460,3,3,1,1
20412560,2223,42,1,4,0,35442,1,1,3,0
21687570,2224,49,0,19,2,61291,1,1,4,0
8277880,2225,37,0,0,0,28216,1,1,2,1
516280,2226,31,1,7,2,38152,2,2,2,1
2306700,2227,31,0,7,0,25357,1,1,1,1
19504080,2228,55,0,19,1,79243,1,2,4,0
0,2229,26,1,12,2,103305,3,3,1,1
281160,2230,35,1,7,2,65628,3,3,1,0
8107300,2231,34,0,19,1,78441,2,4,2,1
13233470,2232,26,0,2,0,73207,1,2,2,1
0,2233,37,1,27,0,79251,2,2,1,0
622550,2235,30,0,1,1,21935,1,1,1,1
3408200,2236,49,0,22,1,53572,1,2,1,1
0,2238,29,1,8,2,37067,2,2,1,1
0,2239,46,0,19,0,94485,3,3,1,0
2201350,2240,33,1,24,1,85965,3,3,3,1
4430300,2241,36,1,24,0,50766,3,3,2,0
0,2242,35,1,22,1,70733,2,2,1,1
0,2245,33,0,10,2,81348,2,2,1,1
0,2246,28,0,11,2,43647,2,2,1,1
652150,2247,30,0,28,0,49336,1,1,1,1
0,2248,41,0,3,2,68830,2,2,1,1
0,2249,38,0,11,0,86246,3,3,1,1
583160,2250,26,1,18,0,41661,2,2,1,1
19422760,2251,39,1,6,2,83604,2,3,3,0
1512170,2252,37,0,12,0,101423,3,3,1,1
5901490,2253,40,1,2,0,57872,1,2,2,1
314880,2254,23,0,23,0,54580,1,1,1,0
36398090,2255,40,1,17,1,133489,3,4,3,0
3770920,2256,31,1,2,1,59644,2,2,2,1
18076460,2257,43,0,14,2,81933,2,2,4,0
13170380,2258,36,0,5,1,138520,3,3,4,0
13468220,2259,41,1,23,2,89192,1,3,2,0
0,2260,32,1,21,2,38919,2,2,1,0
0,2261,25,0,16,0,22132,1,1,1,0
2481260,2263,25,1,18,1,16216,1,1,1,1
3981020,2264,34,0,6,0,73561,2,4,1,1
0,2265,28,0,19,0,62243,3,3,1,1
2945540,2267,31,0,15,0,112722,1,4,1,1
15313810,2268,44,1,16,1,91207,2,3,1,0
0,2269,33,1,27,2,46043,3,3,1,1
232140,2270,34,0,28,2,78164,3,3,1,1
2669780,2271,38,1,11,1,55943,1,2,1,1
44861920,2272,46,0,24,0,96185,2,3,4,0
728680,2273,32,1,17,2,66742,3,3,1,1
116750,2274,34,0,16,2,21154,1,1,1,1
2433060,2276,33,1,21,2,54915,3,3,2,0
0,2277,29,0,17,0,83958,3,3,1,0
1080540,2278,34,0,15,1,18291,1,1,2,1
371110,2279,27,0,10,2,83632,2,2,2,0
0,2281,31,1,4,2,51261,2,2,1,1
375600,2282,31,0,24,2,67740,2,2,1,1
23264700,2283,37,1,10,1,59764,1,2,4,0
2526560,2284,31,1,3,1,49471,2,3,1,1
0,2285,39,0,20,1,40142,2,2,1,1
110000,2286,34,0,21,0,30851,2,2,1,1
2025190,2287,34,0,20,2,57624,2,2,1,1
202160,2288,31,1,12,1,40760,1,1,1,1
11611790,2289,47,0,11,1,51339,1,2,2,0
0,2290,32,0,28,2,57541,2,2,1,0
0,2291,30,0,11,0,62204,1,2,1,1
0,2292,30,1,6,1,12895,1,1,1,1
0,2294,24,0,0,1,25551,1,1,1,1
790560,2295,41,1,18,1,112934,3,3,1,1
600000,2296,25,1,2,1,14761,2,2,1,1
0,2298,27,1,6,2,77301,3,3,1,0
22993970,2299,42,0,24,1,129924,1,4,2,0
0,2300,34,0,25,1,80980,2,2,1,1
0,2302,36,1,5,0,21530,2,2,1,1
2938190,2303,35,1,0,0,103102,2,2,1,1
0,2304,28,1,6,2,34461,3,3,1,1
8472750,2306,31,0,19,0,40435,1,1,1,1
0,2307,25,0,21,1,76455,1,1,1,0
16350440,2308,47,1,13,1,49280,1,2,2,0
0,2309,36,0,28,1,60982,2,2,1,1
0,2310,31,1,25,2,23566,1,1,1,1
359540,2311,33,1,12,0,59587,2,2,1,0
0,2313,32,0,9,0,21780,1,1,1,1
52296540,2314,30,1,3,0,87351,2,4,2,0
0,2315,34,0,23,2,103060,3,3,1,1
8973880,2318,34,0,18,2,46851,2,2,4,0
106910,2319,38,1,26,2,37900,2,2,1,1
399460,2320,29,1,20,2,23334,1,1,1,1
0,2321,33,1,11,0,49659,1,1,1,1
1886720,2322,31,0,3,1,38223,3,3,3,0
0,2323,25,0,15,1,18770,1,1,1,1
0,2324,34,1,10,2,41798,1,1,1,1
3045080,2326,33,0,17,1,71384,3,3,1,1
1446390,2327,35,0,0,1,65040,1,1,1,1
302530,2329,33,0,1,1,35939,1,1,1,1
159480,2330,28,0,27,2,80818,2,2,1,1
0,2331,23,0,11,0,54235,2,2,1,0
600330,2332,24,0,23,1,33981,1,1,1,1
0,2333,41,1,26,1,59902,3,3,1,1
6320460,2334,30,0,27,0,35595,1,1,3,0
0,2335,32,1,12,0,67490,2,2,1,1
155200,2336,44,1,25,2,39054,1,1,1,1
0,2338,30,1,19,2,27774,2,2,1,1
0,2339,34,1,1,2,39612,2,2,1,1
116400,2340,33,1,20,2,56687,2,2,1,1
3700850,2342,33,0,28,0,47102,2,2,1,1
0,2343,25,0,11,2,89894,2,2,1,0
5565300,2344,34,1,7,1,113197,3,3,4,0
1026920,2345,25,1,19,2,131168,3,3,2,0
0,2346,36,1,25,1,71338,3,3,1,1
3627320,2347,37,1,6,0,54695,3,3,2,0
0,2348,24,0,17,2,45009,1,1,1,0
0,2350,38,1,9,2,23545,1,1,1,1
0,2351,31,1,24,2,31124,1,1,1,1
6959340,2354,32,1,9,1,92847,2,3,1,1
1916140,2355,32,0,22,1,63315,2,2,3,1
600000,2356,40,1,20,0,59097,2,2,1,1
1824010,2357,34,0,23,0,24378,1,1,1,0
2319860,2358,40,1,23,1,33901,1,1,1,1
0,2360,24,0,6,0,93751,3,3,1,0
0,2361,34,0,22,1,29642,1,1,1,1
4068840,2362,43,0,18,1,56666,2,3,1,1
0,2363,32,0,4,2,43282,2,2,1,1
0,2364,38,1,2,2,131567,3,3,1,1
59380670,2365,43,0,4,1,99669,1,4,2,0
444720,2366,31,0,28,1,55276,2,2,1,1
1995640,2367,49,0,17,1,56150,1,2,1,1
0,2368,27,1,17,2,46397,2,2,1,1
2051240,2369,31,1,5,1,14113,1,1,1,1
0,2370,30,1,19,2,87710,3,3,1,1
13233930,2371,43,0,21,0,35133,1,2,1,1
172480,2372,35,1,16,2,67219,3,3,1,1
1103230,2373,33,0,12,0,54214,2,2,1,1
0,2375,41,1,22,0,15189,1,1,1,1
328190,2377,34,0,26,2,21346,1,1,1,1
0,2378,30,0,5,0,83916,3,3,1,0
4817790,2379,28,1,6,2,55546,3,3,1,1
3630130,2380,27,0,25,0,136960,1,5,1,1
28596320,2381,48,1,10,0,77114,1,2,2,0
15539040,2382,41,0,1,2,77785,4,4,2,0
817680,2384,36,0,17,2,43764,1,1,1,1
1627260,2385,40,0,8,2,57225,2,2,1,1
5303160,2386,27,1,13,1,48747,1,1,3,0
613790,2387,32,1,18,0,65298,1,2,1,1
1039460,2388,28,0,28,1,14820,1,1,1,1
18608140,2390,46,1,20,1,51383,1,2,1,0
3313060,2391,29,1,18,1,40366,2,2,2,1
0,2392,32,0,21,2,43411,1,1,1,1
0,2393,30,0,19,1,87010,3,3,1,1
5873580,2394,43,1,16,2,76562,2,3,2,1
0,2395,36,1,12,0,79652,2,2,1,0
0,2396,34,1,18,2,53750,2,2,1,1
0,2397,38,0,27,1,47818,2,2,1,1
14703740,2398,38,1,1,2,94809,2,4,2,0
11742390,2399,29,0,15,2,67326,1,1,3,0
2354140,2400,35,1,9,2,53643,1,1,1,1
939200,2402,29,1,19,2,29150,3,3,1,1
6301900,2403,35,1,17,1,63888,2,2,3,1
1368970,2404,26,1,8,0,23711,1,1,1,1
0,2405,36,1,26,2,167758,5,5,1,1
232820,2406,33,0,9,1,31097,1,1,1,1
30668490,2407,37,0,27,2,74945,1,2,4,0
22212220,2408,42,1,23,1,132505,1,4,1,1
1877880,2409,27,1,12,1,16676,1,1,1,1
0,2410,38,1,12,1,113256,4,4,1,1
0,2411,34,0,17,2,63321,2,2,1,0
-134880,2412,35,0,5,0,77848,3,3,1,1
12342600,2413,44,0,25,2,109652,1,3,1,1
0,2414,31,1,6,0,17648,1,1,1,1
650870,2415,39,1,1,0,112317,3,3,1,1
2814660,2416,33,1,16,2,62380,2,2,1,1
2423110,2417,26,1,20,2,73899,2,2,1,0
0,2418,35,0,3,0,77613,3,3,1,0
100950,2419,25,0,9,2,27993,1,1,1,1
48017720,2420,31,1,24,2,169549,2,5,1,0
1624320,2421,38,1,20,0,58275,1,1,1,1
37052330,2422,48,1,23,0,111507,2,4,3,0
1160900,2423,36,0,9,1,54059,3,3,2,0
393110,2424,32,1,25,1,68525,3,3,1,0
0,2425,30,1,13,0,28890,3,3,1,1
1147570,2426,34,0,17,2,82309,2,2,2,0
0,2427,33,0,6,2,40281,2,2,1,1
0,2428,36,1,8,2,39195,1,1,1,0
0,2429,27,1,13,1,12064,1,1,1,1
200000,2430,27,1,19,1,58259,2,2,1,1
0,2431,37,0,8,1,46832,1,1,1,1
5951770,2432,53,0,0,0,56188,1,3,2,1
0,2433,30,1,21,2,37214,1,1,1,1
0,2435,29,0,4,1,13222,1,1,1,1
2077720,2436,33,1,23,2,100560,3,3,1,1
500000,2438,31,0,9,0,24429,1,1,2,1
0,2439,28,1,7,2,36373,2,2,1,0
834440,2440,35,1,28,2,51769,2,2,2,0
0,2441,33,0,24,2,51617,2,2,1,1
3232040,2442,37,1,21,2,63424,3,3,1,1
1857200,2443,26,1,17,1,44169,1,2,1,1
8545060,2445,37,1,13,0,90492,3,3,1,1
6078150,2446,30,0,21,1,59110,2,2,4,0
0,2447,23,1,1,2,71138,2,2,1,1
1835260,2448,33,1,9,0,90734,3,3,2,1
2921500,2449,37,0,14,1,18024,2,2,2,0
0,2450,29,0,23,0,17481,1,1,1,1
6774730,2451,24,1,13,1,23511,1,1,1,1
8087990,2453,40,0,3,0,92031,3,3,2,0
18059400,2454,40,1,28,2,37664,1,1,4,0
22037490,2455,25,1,20,0,99691,1,4,1,1
2375570,2457,42,1,16,1,58577,2,2,2,1
990700,2458,38,1,13,0,33343,1,1,1,1
269890,2459,32,0,28,2,85831,2,2,1,1
150000,2460,26,0,3,2,36191,1,1,1,1
0,2461,30,1,11,1,42551,2,2,1,1
3763050,2464,30,1,6,2,52371,1,1,3,0
0,2465,34,1,12,1,19183,2,2,1,1
0,2467,29,0,0,1,63182,3,3,1,1
2213880,2468,33,1,5,0,99858,2,2,1,1
0,2469,31,0,16,2,45365,3,3,1,0
12943640,2470,32,1,19,0,55723,1,1,1,1
0,2471,27,1,16,1,55344,2,2,1,1
235880,2472,34,1,17,2,36682,1,1,1,1
6222350,2473,40,0,25,0,30967,1,1,2,0
0,2474,34,1,1,0,44188,1,1,1,1
7052730,2475,35,1,3,2,99515,3,3,3,1
250000,2476,34,1,10,0,89269,3,3,1,1
4531680,2478,26,0,11,2,68294,1,1,1,1
9802190,2480,29,0,16,1,18538,1,1,2,0
2470920,2481,46,0,11,2,44041,1,1,2,1
0,2482,36,1,7,1,47251,3,3,1,1
6270140,2483,37,1,23,2,65277,2,2,3,0
502040,2484,36,1,11,0,58626,3,3,2,1
2959320,2485,41,1,4,2,51616,1,1,1,1
11532320,2486,36,0,25,2,74360,2,2,1,1
33738740,2487,37,0,21,2,142543,1,4,2,0
17386610,2488,28,1,5,1,65958,1,2,4,1
2424000,2489,36,0,15,0,40775,1,1,1,1
2172260,2490,25,0,17,0,29052,1,1,1,1
291000,2491,25,1,12,2,62242,2,2,1,1
15457560,2492,36,0,20,2,59644,1,2,3,1
12708940,2493,51,0,10,2,40013,1,2,1,1
17784050,2494,47,1,19,1,48747,1,1,3,0
4542520,2495,33,0,22,1,25228,1,1,1,1
4925520,2496,24,1,20,2,38169,1,1,1,0
1697840,2497,39,0,23,1,52092,3,3,2,0
2241890,2498,30,1,14,1,15052,1,1,2,0
0,2499,27,1,8,0,75458,2,2,1,1
0,2500,32,1,27,0,66536,3,3,1,0
1250290,2501,31,0,26,1,30212,1,1,2,1
0,2502,31,0,12,1,91020,3,3,1,1
0,2503,35,0,4,1,71761,3,3,1,1
0,2504,32,0,12,2,70395,3,3,1,1
23959960,2505,42,1,3,0,47809,1,1,3,0
899440,2506,33,1,6,0,18173,1,1,1,1
0,2507,26,1,15,2,59536,1,1,1,1
2547580,2508,37,1,2,2,64254,1,2,1,1
1525520,2509,38,0,20,0,118773,3,3,1,1
7044890,2510,41,1,0,2,130752,2,4,1,1
2636210,2511,23,0,25,0,43876,1,1,4,0
7644960,2513,28,1,1,1,125576,1,3,2,1
292470,2514,31,1,7,2,33169,2,2,1,1
0,2515,40,1,24,2,37667,2,2,1,0
1052540,2516,46,1,6,2,115152,4,4,1,1
33139380,2517,33,0,18,0,83236,2,4,2,0
1308180,2518,38,0,4,0,67049,1,3,1,1
3042000,2520,31,1,9,1,34556,2,2,1,1
0,2521,26,1,16,1,30558,1,1,1,0
95331060,2522,36,0,4,0,90057,2,5,4,0
1875360,2525,23,0,7,1,18224,1,1,1,1
1450030,2527,25,1,24,1,16206,1,1,1,1
812710,2528,45,0,16,0,37521,2,2,1,1
751070,2529,41,1,19,1,31816,1,1,1,1
13977500,2530,29,0,21,0,137450,3,4,2,1
1892760,2532,39,1,12,2,90090,2,2,2,1
7442600,2533,33,1,24,1,45993,1,1,3,0
393770,2535,32,1,15,0,47678,1,1,1,1
101840,2536,39,0,4,2,38706,2,2,1,1
412310,2537,36,0,12,1,75344,2,2,1,0
0,2538,37,1,19,1,96562,3,3,1,0
1444590,2539,30,0,6,1,37039,2,2,1,1
458200,2540,34,1,10,1,14776,1,1,1,1
34703880,2541,32,0,19,1,68356,1,4,2,0
33882080,2543,29,1,12,1,59662,1,3,4,0
0,2544,32,1,14,1,67667,2,2,1,1
10878820,2545,45,1,14,1,44884,1,2,1,1
22155600,2546,36,1,1,2,70774,2,2,4,0
8981930,2547,38,1,10,1,77399,1,2,1,0
0,2549,31,0,8,1,34569,2,2,1,1
0,2550,35,1,5,0,78009,3,3,1,0
11509380,2551,41,1,15,0,58799,1,1,2,0
11155940,2552,35,0,16,0,45414,1,1,4,0
231840,2553,33,0,18,0,54019,3,3,1,1
1371720,2554,38,1,5,1,23166,1,1,3,1
33054410,2555,39,0,4,1,116077,2,4,3,1
900000,2556,25,1,26,2,64168,2,2,1,1
5818480,2558,37,1,10,0,29962,1,1,1,1
0,2559,46,1,17,2,96053,3,3,1,1
3805340,2560,30,1,14,2,47301,1,2,1,1
27474930,2561,43,0,16,2,81854,1,3,4,0
1090260,2562,32,1,14,1,128520,3,3,1,1
7291330,2563,39,1,12,1,53880,1,1,1,1
1476940,2565,29,1,6,1,83215,3,3,2,0
903300,2566,24,1,9,0,64399,2,2,2,0
43275060,2567,49,0,28,2,135231,1,4,2,0
20222360,2568,32,1,20,1,83298,2,4,2,0
1420720,2569,27,0,1,2,56766,2,2,1,0
0,2570,23,1,28,2,26766,1,1,1,1
0,2571,34,1,19,0,71878,3,3,1,0
6265580,2572,46,0,24,1,65990,1,2,1,1
166320,2573,38,0,18,1,52321,1,1,1,1
0,2574,23,1,27,1,42059,1,1,1,1
242500,2575,25,1,6,1,37888,1,1,1,1
17286750,2576,30,1,17,0,80907,2,2,2,0
0,2577,28,1,4,0,50141,2,2,1,1
151720,2578,25,0,22,2,37046,1,1,1,1
4266380,2579,46,1,15,0,50326,2,2,1,1
2276750,2581,42,0,21,0,29462,1,1,1,1
10913820,2582,46,1,7,1,18799,1,1,1,1
0,2585,26,1,23,1,24676,2,2,1,1
1184840,2586,31,0,23,0,20983,1,1,1,1
1730630,2587,35,1,26,2,53902,2,2,3,0
0,2588,31,0,20,0,18469,1,1,1,1
2017900,2589,34,0,15,2,52222,1,1,1,1
0,2590,28,1,2,1,53554,2,2,1,1
250000,2592,36,1,12,2,21364,1,1,1,1
15672850,2593,35,1,22,1,76805,1,3,1,1
22976810,2594,34,1,13,0,131568,1,4,2,0
5356780,2595,36,0,9,1,111600,2,4,2,1
10073920,2596,33,1,12,2,69003,3,3,2,1
13985380,2597,35,0,22,2,85254,1,2,3,0
0,2598,36,0,12,2,102822,3,3,1,1
2736060,2599,26,1,26,0,33058,1,1,2,1
3780770,2600,42,0,5,1,26460,2,2,1,1
0,2601,37,1,23,1,17566,1,1,1,1
1308570,2602,25,1,16,1,15482,1,1,1,1
0,2603,37,0,24,2,50158,2,2,1,1
895750,2604,39,0,11,2,110829,2,3,1,1
0,2605,41,1,27,0,99300,3,3,1,1
237580,2606,24,1,27,1,21993,1,1,1,1
953760,2607,40,1,8,0,21636,1,1,1,1
143040,2608,32,1,7,1,79797,1,1,1,1
0,2609,23,0,6,2,46604,1,1,1,1
1109460,2610,36,0,23,2,75224,3,3,1,0
2607050,2611,39,1,21,0,44154,1,1,2,0
0,2612,41,1,4,0,56478,3,3,1,1
0,2613,30,0,24,1,63004,3,3,1,1
269240,2614,31,1,6,2,81792,2,2,1,1
42883990,2615,31,1,21,2,98935,1,4,3,0
2264270,2616,28,1,7,0,53320,1,1,1,1
23114450,2617,39,0,17,1,104128,2,4,2,0
1092560,2618,28,0,12,2,57164,2,2,1,1
0,2620,35,0,12,0,38829,2,2,1,1
4553290,2623,42,0,28,0,68473,2,2,1,1
7008490,2624,33,0,3,0,87954,2,3,4,1
22738660,2625,39,1,25,1,53377,1,3,3,0
2511830,2626,27,1,11,0,30083,1,1,1,1
0,2627,34,0,26,1,104058,3,3,1,0
167020,2628,28,1,24,2,28949,1,1,1,1
0,2629,25,0,13,1,14034,1,1,1,1
11868520,2630,39,1,18,2,56808,1,2,1,1
0,2631,30,1,0,1,67162,2,2,1,0
8490390,2632,26,1,26,2,62716,2,2,1,1
6655210,2633,32,0,9,2,126357,3,3,3,0
0,2634,25,1,2,1,65507,2,2,1,1
0,2635,35,1,12,1,66890,2,2,1,0
1464860,2637,41,1,6,1,19724,1,1,1,1
21260010,2639,30,0,3,1,92763,3,3,4,0
0,2640,32,0,21,0,80788,2,2,1,0
0,2641,36,0,8,0,24985,1,1,1,1
4235570,2642,30,1,27,1,19447,1,1,1,1
0,2643,28,1,24,1,17044,2,2,1,1
2416390,2644,44,1,27,1,62354,1,2,2,1
553250,2645,32,0,18,0,69599,3,3,1,0
332040,2646,31,1,22,2,104157,3,3,1,0
0,2647,36,1,3,1,55601,2,2,1,1
8966620,2648,47,1,24,0,38047,1,1,1,1
8924290,2649,40,1,26,2,69098,2,2,1,1
4744440,2650,48,1,14,1,38788,1,1,3,1
4816290,2651,34,1,2,2,62292,2,2,1,1
0,2653,32,0,6,1,40216,2,2,1,1
289760,2654,30,1,10,1,65092,3,3,1,0
325210,2655,35,1,1,2,23955,1,1,1,1
0,2656,34,0,25,0,77739,2,2,1,1
0,2659,34,0,25,1,23641,2,2,1,1
22183450,2660,29,1,4,2,48747,1,3,2,0
9869790,2661,34,0,22,0,68037,1,2,1,1
0,2663,31,1,26,0,26716,1,1,1,1
903730,2664,37,0,14,0,21909,2,2,2,0
0,2665,36,0,8,2,22719,1,1,1,1
0,2666,28,1,25,0,69153,2,2,1,1
9437800,2667,41,1,0,0,103568,2,4,1,1
30121900,2668,35,1,7,1,112112,2,4,1,0
11417820,2670,33,0,16,0,38326,1,1,3,0
0,2671,35,0,16,0,114637,3,3,1,1
1162140,2672,37,0,9,2,56621,3,3,2,0
552950,2674,29,0,2,0,64610,1,2,1,1
2357400,2675,29,1,26,0,68500,2,2,3,1
0,2676,34,1,4,2,40608,1,1,1,1
74800,2677,25,1,13,0,42400,1,1,1,1
151150,2678,37,0,0,0,51668,3,3,1,0
202770,2680,28,1,28,0,61670,2,2,1,1
5117750,2682,43,1,25,1,102345,4,4,1,1
1418630,2683,48,0,25,0,81055,1,1,1,1
11666740,2684,37,1,13,0,25186,1,1,3,0
710000,2685,41,0,0,0,101984,4,4,1,0
1518990,2686,26,1,19,2,80394,3,3,2,0
2255560,2687,25,1,17,2,43753,1,2,1,1
29475240,2690,26,1,2,2,85428,1,3,4,0
2805970,2691,31,0,7,1,21445,3,3,2,1
2318270,2692,30,1,21,0,65156,2,2,1,1
2204570,2693,25,1,26,1,58571,1,1,1,1
995920,2694,38,0,12,2,69776,2,2,1,1
0,2695,35,1,6,1,77535,3,3,1,1
2657330,2696,37,0,15,0,99907,2,4,1,1
0,2697,29,1,12,1,52912,1,1,1,1
0,2698,26,1,13,0,58892,2,2,1,1
15075460,2699,39,1,21,1,92672,4,4,4,0
204330,2700,33,1,17,1,50306,2,2,1,1
0,2701,25,1,5,0,64281,1,1,1,1
0,2702,34,1,12,1,55845,3,3,1,1
432800,2703,38,1,7,1,27572,2,2,1,1
0,2704,33,1,3,0,29442,2,2,1,1
2031660,2705,36,1,16,0,59816,3,3,2,0
8598920,2706,38,1,7,1,76463,3,3,1,1
0,2707,25,1,16,1,12860,2,2,1,1
5516270,2708,26,0,22,2,37784,1,1,3,0
0,2709,31,0,8,2,37940,2,2,1,1
0,2710,38,1,24,0,59562,1,1,1,1
0,2711,38,0,8,1,39404,3,3,1,1
390500,2712,31,0,26,1,100722,4,4,1,1
300000,2713,32,0,28,2,23582,2,2,1,1
21645050,2714,41,1,22,1,83969,2,3,4,0
2646250,2715,30,0,20,1,56807,3,3,2,0
4168880,2716,32,0,21,0,38744,1,1,2,1
458250,2718,35,0,12,2,61569,1,1,1,1
1811510,2719,30,1,26,0,27634,1,1,1,1
453060,2720,43,0,25,1,14375,1,1,1,1
2726900,2721,39,1,26,1,50168,2,2,1,1
450180,2722,34,1,9,1,77778,2,2,1,0
0,2723,43,0,0,2,47303,1,1,1,1
1646410,2724,38,0,19,2,37944,1,1,1,1
19356940,2725,35,1,6,0,73538,2,3,3,0
394000,2726,25,1,20,2,45675,1,1,1,1
14852170,2727,32,0,23,2,36085,2,3,2,0
5302040,2728,27,0,10,2,28318,1,1,3,0
18503930,2729,35,1,1,1,107274,4,4,1,0
12580670,2730,32,0,7,2,69924,2,2,2,0
8353280,2731,44,0,14,2,27828,1,2,1,1
6703630,2732,33,0,3,1,53480,1,3,1,1
0,2733,29,1,1,2,56659,2,2,1,1
0,2734,38,0,1,0,49165,1,1,1,1
350210,2735,32,1,7,0,19037,1,1,1,1
0,2736,27,0,15,2,68957,1,1,1,1
0,2737,27,0,27,0,41730,1,1,1,1
5945900,2738,24,1,8,1,23068,1,1,1,1
0,2739,34,1,28,0,32108,2,2,1,1
20843460,2740,47,1,14,2,35598,1,2,4,0
1834440,2742,29,1,0,0,22217,1,1,1,1
116940,2744,42,0,6,1,128906,5,5,1,1
0,2745,33,1,18,0,46734,3,3,1,1
0,2746,32,0,27,1,36284,2,2,1,1
0,2747,38,0,5,1,50048,1,1,1,1
0,2749,27,1,20,0,66132,1,1,1,1
3140390,2751,32,1,8,2,53115,1,1,1,1
1038200,2752,29,1,12,0,66945,2,2,2,0
61583040,2753,40,0,2,0,144726,1,5,2,0
5735920,2754,30,1,25,2,62462,1,1,2,0
0,2755,36,1,2,0,78445,3,3,1,1
1354530,2757,37,1,16,2,56848,2,2,1,1
590220,2758,33,1,18,0,69141,2,2,1,1
5018600,2759,29,1,8,0,82260,2,2,1,1
0,2760,31,0,12,1,51471,3,3,1,1
3021440,2761,29,1,12,2,131805,3,3,3,0
4063950,2762,40,1,0,0,52682,2,2,1,1
3356980,2763,38,0,24,1,76756,3,3,2,0
309180,2764,30,0,17,1,42199,2,2,1,0
0,2765,26,1,9,0,38809,1,1,1,1
25164110,2766,37,0,13,0,53793,2,3,1,1
2565930,2768,30,0,0,2,80138,1,2,1,1
0,2770,32,1,18,1,49295,3,3,1,0
19597020,2771,41,1,3,1,91456,2,4,1,0
1784850,2772,23,0,18,1,51670,1,2,1,1
563400,2773,36,1,10,1,35607,1,1,1,1
4284010,2774,41,1,6,0,42313,1,1,1,1
0,2775,27,1,28,1,85112,3,3,1,0
0,2776,27,0,19,0,54397,2,2,1,1
0,2778,35,1,4,2,50180,2,2,1,0
0,2779,28,1,18,1,95133,3,3,1,1
8633370,2781,25,1,15,2,46952,2,2,4,0
0,2782,26,1,10,0,29582,1,1,1,1
21748820,2784,34,1,16,1,82815,2,3,4,0
0,2785,34,0,28,1,12105,1,1,1,1
2815090,2786,45,1,10,1,35370,2,2,1,1
977830,2787,28,0,12,2,69498,1,1,1,1
2298240,2788,30,1,19,2,70254,2,2,2,0
